,date,vader_result_body_x,vader_result_body_y,anomaly
0,2013-01-16,0,,0
1,2013-01-17,0,,0
2,2013-01-18,0,,0
3,2013-01-19,0,,0
4,2013-01-20,0,,0
5,2013-01-21,0,,0
6,2013-01-22,0,,0
7,2013-01-23,0,,0
8,2013-01-24,0,,0
9,2013-01-25,0,,0
10,2013-01-26,0,,0
11,2013-01-27,0,,0
12,2013-01-28,0,,0
13,2013-01-29,0,,0
14,2013-01-30,0,,0
15,2013-01-31,0,,0
16,2013-02-01,0,,0
17,2013-02-02,0,,0
18,2013-02-03,0,,0
19,2013-02-04,0,,0
20,2013-02-05,0,,0
21,2013-02-06,0,,0
22,2013-02-07,0,,0
23,2013-02-08,0,,0
24,2013-02-09,0,,0
25,2013-02-10,0,,0
26,2013-02-11,0,,0
27,2013-02-12,0,,0
28,2013-02-13,0,,0
29,2013-02-14,0,,0
30,2013-02-15,0,False,0
31,2013-02-16,0,False,0
32,2013-02-17,0,False,0
33,2013-02-18,0,False,0
34,2013-02-19,0,False,0
35,2013-02-20,0,False,0
36,2013-02-21,0,False,0
37,2013-02-22,0,False,0
38,2013-02-23,0,False,0
39,2013-02-24,0,False,0
40,2013-02-25,0,False,0
41,2013-02-26,0,False,0
42,2013-02-27,0,False,0
43,2013-02-28,0,False,0
44,2013-03-01,0,False,0
45,2013-03-02,0,False,0
46,2013-03-03,0,False,0
47,2013-03-04,0,False,0
48,2013-03-05,0,False,0
49,2013-03-06,0,False,0
50,2013-03-07,0,False,0
51,2013-03-08,0,False,0
52,2013-03-09,0,False,0
53,2013-03-10,0,False,0
54,2013-03-11,0,False,0
55,2013-03-12,0,False,0
56,2013-03-13,0,False,0
57,2013-03-14,0,False,0
58,2013-03-15,0,False,0
59,2013-03-16,0,False,0
60,2013-03-17,0,False,0
61,2013-03-18,0,False,0
62,2013-03-19,0,False,0
63,2013-03-20,0,False,0
64,2013-03-21,0,False,0
65,2013-03-22,0,False,0
66,2013-03-23,0,False,0
67,2013-03-24,0,False,0
68,2013-03-25,0,False,0
69,2013-03-26,0,False,0
70,2013-03-27,0,False,0
71,2013-03-28,0,False,0
72,2013-03-29,0,False,0
73,2013-03-30,0,False,0
74,2013-03-31,0,False,0
75,2013-04-01,0,False,0
76,2013-04-02,0,False,0
77,2013-04-03,0,False,0
78,2013-04-04,0,False,0
79,2013-04-05,0,False,0
80,2013-04-06,0,False,0
81,2013-04-07,0,False,0
82,2013-04-08,0,False,0
83,2013-04-09,0,False,0
84,2013-04-10,0,False,0
85,2013-04-11,0,False,0
86,2013-04-12,0,False,0
87,2013-04-13,0,False,0
88,2013-04-14,0,False,0
89,2013-04-15,0,False,0
90,2013-04-16,0,False,0
91,2013-04-17,0,False,0
92,2013-04-18,0,False,0
93,2013-04-19,0,False,0
94,2013-04-20,0,False,0
95,2013-04-21,0,False,0
96,2013-04-22,0,False,0
97,2013-04-23,0,False,0
98,2013-04-24,0,False,0
99,2013-04-25,0,False,0
100,2013-04-26,0,False,0
101,2013-04-27,0,False,0
102,2013-04-28,0,False,0
103,2013-04-29,0,False,0
104,2013-04-30,0,False,0
105,2013-05-01,0,False,0
106,2013-05-02,0,False,0
107,2013-05-03,0,False,0
108,2013-05-04,0,False,0
109,2013-05-05,0,False,0
110,2013-05-06,0,False,0
111,2013-05-07,0,False,0
112,2013-05-08,0,False,0
113,2013-05-09,0,False,0
114,2013-05-10,0,False,0
115,2013-05-11,0,False,0
116,2013-05-12,0,False,0
117,2013-05-13,0,False,0
118,2013-05-14,0,False,0
119,2013-05-15,0,False,0
120,2013-05-16,0,False,0
121,2013-05-17,0,False,0
122,2013-05-18,0,False,0
123,2013-05-19,0,False,0
124,2013-05-20,0,False,0
125,2013-05-21,0,False,0
126,2013-05-22,0,False,0
127,2013-05-23,0,False,0
128,2013-05-24,0,False,0
129,2013-05-25,0,False,0
130,2013-05-26,0,False,0
131,2013-05-27,0,False,0
132,2013-05-28,0,False,0
133,2013-05-29,0,False,0
134,2013-05-30,0,False,0
135,2013-05-31,0,False,0
136,2013-06-01,0,False,0
137,2013-06-02,0,False,0
138,2013-06-03,0,False,0
139,2013-06-04,0,False,0
140,2013-06-05,0,False,0
141,2013-06-06,0,False,0
142,2013-06-07,0,False,0
143,2013-06-08,0,False,0
144,2013-06-09,0,False,0
145,2013-06-10,0,False,0
146,2013-06-11,0,False,0
147,2013-06-12,0,False,0
148,2013-06-13,0,False,0
149,2013-06-14,0,False,0
150,2013-06-15,0,False,0
151,2013-06-16,0,False,0
152,2013-06-17,0,False,0
153,2013-06-18,0,False,0
154,2013-06-19,0,False,0
155,2013-06-20,0,False,0
156,2013-06-21,0,False,0
157,2013-06-22,0,False,0
158,2013-06-23,0,False,0
159,2013-06-24,0,False,0
160,2013-06-25,0,False,0
161,2013-06-26,0,False,0
162,2013-06-27,0,False,0
163,2013-06-28,0,False,0
164,2013-06-29,0,False,0
165,2013-06-30,0,False,0
166,2013-07-01,0,False,0
167,2013-07-02,0,False,0
168,2013-07-03,0,False,0
169,2013-07-04,0,False,0
170,2013-07-05,0,False,0
171,2013-07-06,0,False,0
172,2013-07-07,0,False,0
173,2013-07-08,0,False,0
174,2013-07-09,0,False,0
175,2013-07-10,0,False,0
176,2013-07-11,0,False,0
177,2013-07-12,0,False,0
178,2013-07-13,0,False,0
179,2013-07-14,0,False,0
180,2013-07-15,0,False,0
181,2013-07-16,0,False,0
182,2013-07-17,0,False,0
183,2013-07-18,0,False,0
184,2013-07-19,0,False,0
185,2013-07-20,0,False,0
186,2013-07-21,0,False,0
187,2013-07-22,0,False,0
188,2013-07-23,0,False,0
189,2013-07-24,0,False,0
190,2013-07-25,0,False,0
191,2013-07-26,0,False,0
192,2013-07-27,0,False,0
193,2013-07-28,0,False,0
194,2013-07-29,0,False,0
195,2013-07-30,0,False,0
196,2013-07-31,0,False,0
197,2013-08-01,0,False,0
198,2013-08-02,0,False,0
199,2013-08-03,0,False,0
200,2013-08-04,0,False,0
201,2013-08-05,0,False,0
202,2013-08-06,0,False,0
203,2013-08-07,0,False,0
204,2013-08-08,0,False,0
205,2013-08-09,0,False,0
206,2013-08-10,0,False,0
207,2013-08-11,0,False,0
208,2013-08-12,0,False,0
209,2013-08-13,0,False,0
210,2013-08-14,0,False,0
211,2013-08-15,0,False,0
212,2013-08-16,0,False,0
213,2013-08-17,0,False,0
214,2013-08-18,0,False,0
215,2013-08-19,0,False,0
216,2013-08-20,0,False,0
217,2013-08-21,0,False,0
218,2013-08-22,0,False,0
219,2013-08-23,0,False,0
220,2013-08-24,0,False,0
221,2013-08-25,0,False,0
222,2013-08-26,0,False,0
223,2013-08-27,0,False,0
224,2013-08-28,0,False,0
225,2013-08-29,0,False,0
226,2013-08-30,0,False,0
227,2013-08-31,0,False,0
228,2013-09-01,0,False,0
229,2013-09-02,0,False,0
230,2013-09-03,0,False,0
231,2013-09-04,0,False,0
232,2013-09-05,0,False,0
233,2013-09-06,0,False,0
234,2013-09-07,0,False,0
235,2013-09-08,0,False,0
236,2013-09-09,0,False,0
237,2013-09-10,0,False,0
238,2013-09-11,0,False,0
239,2013-09-12,0,False,0
240,2013-09-13,0,False,0
241,2013-09-14,0,False,0
242,2013-09-15,0,False,0
243,2013-09-16,0,False,0
244,2013-09-17,0,False,0
245,2013-09-18,0,False,0
246,2013-09-19,0,False,0
247,2013-09-20,0,False,0
248,2013-09-21,0,False,0
249,2013-09-22,0,False,0
250,2013-09-23,0,False,0
251,2013-09-24,0,False,0
252,2013-09-25,0,False,0
253,2013-09-26,0,False,0
254,2013-09-27,0,False,0
255,2013-09-28,0,False,0
256,2013-09-29,0,False,0
257,2013-09-30,0,False,0
258,2013-10-01,0,False,0
259,2013-10-02,0,False,0
260,2013-10-03,0,False,0
261,2013-10-04,0,False,0
262,2013-10-05,0,False,0
263,2013-10-06,0,False,0
264,2013-10-07,0,False,0
265,2013-10-08,0,False,0
266,2013-10-09,0,False,0
267,2013-10-10,0,False,0
268,2013-10-11,0,False,0
269,2013-10-12,0,False,0
270,2013-10-13,0,False,0
271,2013-10-14,0,False,0
272,2013-10-15,0,False,0
273,2013-10-16,0,False,0
274,2013-10-17,0,False,0
275,2013-10-18,0,False,0
276,2013-10-19,0,False,0
277,2013-10-20,0,False,0
278,2013-10-21,0,False,0
279,2013-10-22,0,False,0
280,2013-10-23,0,False,0
281,2013-10-24,0,False,0
282,2013-10-25,0,False,0
283,2013-10-26,0,False,0
284,2013-10-27,0,False,0
285,2013-10-28,0,False,0
286,2013-10-29,0,False,0
287,2013-10-30,0,False,0
288,2013-10-31,0,False,0
289,2013-11-01,0,False,0
290,2013-11-02,0,False,0
291,2013-11-03,0,False,0
292,2013-11-04,0,False,0
293,2013-11-05,0,False,0
294,2013-11-06,0,False,0
295,2013-11-07,0,False,0
296,2013-11-08,0,False,0
297,2013-11-09,0,False,0
298,2013-11-10,0,False,0
299,2013-11-11,0,False,0
300,2013-11-12,0,False,0
301,2013-11-13,0,False,0
302,2013-11-14,0,False,0
303,2013-11-15,0,False,0
304,2013-11-16,0,False,0
305,2013-11-17,0,False,0
306,2013-11-18,0,False,0
307,2013-11-19,0,False,0
308,2013-11-20,0,False,0
309,2013-11-21,0,False,0
310,2013-11-22,0,False,0
311,2013-11-23,0,False,0
312,2013-11-24,0,False,0
313,2013-11-25,0,False,0
314,2013-11-26,0,False,0
315,2013-11-27,0,False,0
316,2013-11-28,0,False,0
317,2013-11-29,0,False,0
318,2013-11-30,0,False,0
319,2013-12-01,0,False,0
320,2013-12-02,0,False,0
321,2013-12-03,0,False,0
322,2013-12-04,0,False,0
323,2013-12-05,0,False,0
324,2013-12-06,0,False,0
325,2013-12-07,0,False,0
326,2013-12-08,0,False,0
327,2013-12-09,0,False,0
328,2013-12-10,0,False,0
329,2013-12-11,0,False,0
330,2013-12-12,0,False,0
331,2013-12-13,0,False,0
332,2013-12-14,0,False,0
333,2013-12-15,0,False,0
334,2013-12-16,0,False,0
335,2013-12-17,0,False,0
336,2013-12-18,0,False,0
337,2013-12-19,0,False,0
338,2013-12-20,0,False,0
339,2013-12-21,0,False,0
340,2013-12-22,0,False,0
341,2013-12-23,0,False,0
342,2013-12-24,0,False,0
343,2013-12-25,0,False,0
344,2013-12-26,0,False,0
345,2013-12-27,0,False,0
346,2013-12-28,0,False,0
347,2013-12-29,0,False,0
348,2013-12-30,0,False,0
349,2013-12-31,0,False,0
350,2014-01-01,0,False,0
351,2014-01-02,0,False,0
352,2014-01-03,0,False,0
353,2014-01-04,0,False,0
354,2014-01-05,0,False,0
355,2014-01-06,0,False,0
356,2014-01-07,0,False,0
357,2014-01-08,0,False,0
358,2014-01-09,0,False,0
359,2014-01-10,0,False,0
360,2014-01-11,0,False,0
361,2014-01-12,0,False,0
362,2014-01-13,0,False,0
363,2014-01-14,0,False,0
364,2014-01-15,0,False,0
365,2014-01-16,0,False,0
366,2014-01-17,0,False,0
367,2014-01-18,0,False,0
368,2014-01-19,0,False,0
369,2014-01-20,0,False,0
370,2014-01-21,0,False,0
371,2014-01-22,0,False,0
372,2014-01-23,0,False,0
373,2014-01-24,0,False,0
374,2014-01-25,0,False,0
375,2014-01-26,0,False,0
376,2014-01-27,0,False,0
377,2014-01-28,0,False,0
378,2014-01-29,0,False,0
379,2014-01-30,0,False,0
380,2014-01-31,0,False,0
381,2014-02-01,0,False,0
382,2014-02-02,0,False,0
383,2014-02-03,0,False,0
384,2014-02-04,0,False,0
385,2014-02-05,0,False,0
386,2014-02-06,0,False,0
387,2014-02-07,0,False,0
388,2014-02-08,0,False,0
389,2014-02-09,0,False,0
390,2014-02-10,0,False,0
391,2014-02-11,0,False,0
392,2014-02-12,0,False,0
393,2014-02-13,0,True,2
394,2014-02-14,0,True,2
395,2014-02-15,0,True,2
396,2014-02-16,0,True,2
397,2014-02-17,0,True,2
398,2014-02-18,0,True,2
399,2014-02-19,0,True,2
400,2014-02-20,0,True,2
401,2014-02-21,0,True,2
402,2014-02-22,0,True,2
403,2014-02-23,0,True,2
404,2014-02-24,0,True,2
405,2014-02-25,0,True,2
406,2014-02-26,0,True,2
407,2014-02-27,0,True,2
408,2014-02-28,2,True,2
409,2014-03-01,2,True,2
410,2014-03-02,2,True,2
411,2014-03-03,2,True,2
412,2014-03-04,2,True,2
413,2014-03-05,2,True,2
414,2014-03-06,2,True,2
415,2014-03-07,2,True,2
416,2014-03-08,2,True,2
417,2014-03-09,2,True,2
418,2014-03-10,2,True,2
419,2014-03-11,2,True,2
420,2014-03-12,2,True,2
421,2014-03-13,2,True,2
422,2014-03-14,2,True,2
423,2014-03-15,2,True,2
424,2014-03-16,2,False,0
425,2014-03-17,2,False,0
426,2014-03-18,2,False,0
427,2014-03-19,2,False,0
428,2014-03-20,2,False,0
429,2014-03-21,2,False,0
430,2014-03-22,2,False,0
431,2014-03-23,2,False,0
432,2014-03-24,2,False,0
433,2014-03-25,2,False,0
434,2014-03-26,2,False,0
435,2014-03-27,2,False,0
436,2014-03-28,2,False,0
437,2014-03-29,2,False,0
438,2014-03-30,2,False,0
439,2014-03-31,2,False,0
440,2014-04-01,2,False,0
441,2014-04-02,2,False,0
442,2014-04-03,2,False,0
443,2014-04-04,2,False,0
444,2014-04-05,2,False,0
445,2014-04-06,2,False,0
446,2014-04-07,2,False,0
447,2014-04-08,2,False,0
448,2014-04-09,2,False,0
449,2014-04-10,2,False,0
450,2014-04-11,2,False,0
451,2014-04-12,2,False,0
452,2014-04-13,2,False,0
453,2014-04-14,2,False,0
454,2014-04-15,2,False,0
455,2014-04-16,2,False,0
456,2014-04-17,2,False,0
457,2014-04-18,2,False,0
458,2014-04-19,2,False,0
459,2014-04-20,2,False,0
460,2014-04-21,2,False,0
461,2014-04-22,2,False,0
462,2014-04-23,2,False,0
463,2014-04-24,2,False,0
464,2014-04-25,2,False,0
465,2014-04-26,2,False,0
466,2014-04-27,2,False,0
467,2014-04-28,2,False,0
468,2014-04-29,2,False,0
469,2014-04-30,2,False,0
470,2014-05-01,2,False,0
471,2014-05-02,2,False,0
472,2014-05-03,2,False,0
473,2014-05-04,2,False,0
474,2014-05-05,2,False,0
475,2014-05-06,2,False,0
476,2014-05-07,2,False,0
477,2014-05-08,2,False,0
478,2014-05-09,2,False,0
479,2014-05-10,2,False,0
480,2014-05-11,2,False,0
481,2014-05-12,2,False,0
482,2014-05-13,2,False,0
483,2014-05-14,2,False,0
484,2014-05-15,2,False,0
485,2014-05-16,2,False,0
486,2014-05-17,2,False,0
487,2014-05-18,2,False,0
488,2014-05-19,2,False,0
489,2014-05-20,2,False,0
490,2014-05-21,2,False,0
491,2014-05-22,2,False,0
492,2014-05-23,2,False,0
493,2014-05-24,2,False,0
494,2014-05-25,2,False,0
495,2014-05-26,2,False,0
496,2014-05-27,2,False,0
497,2014-05-28,2,False,0
498,2014-05-29,2,False,0
499,2014-05-30,2,False,0
500,2014-05-31,2,False,0
501,2014-06-01,2,False,0
502,2014-06-02,2,False,0
503,2014-06-03,2,False,0
504,2014-06-04,2,False,0
505,2014-06-05,2,False,0
506,2014-06-06,2,False,0
507,2014-06-07,2,False,0
508,2014-06-08,2,False,0
509,2014-06-09,2,False,0
510,2014-06-10,2,False,0
511,2014-06-11,2,False,0
512,2014-06-12,2,False,0
513,2014-06-13,2,False,0
514,2014-06-14,2,False,0
515,2014-06-15,2,False,0
516,2014-06-16,2,False,0
517,2014-06-17,2,False,0
518,2014-06-18,2,False,0
519,2014-06-19,2,False,0
520,2014-06-20,2,False,0
521,2014-06-21,2,False,0
522,2014-06-22,2,False,0
523,2014-06-23,2,False,0
524,2014-06-24,2,False,0
525,2014-06-25,2,False,0
526,2014-06-26,2,False,0
527,2014-06-27,2,False,0
528,2014-06-28,2,False,0
529,2014-06-29,2,False,0
530,2014-06-30,2,False,0
531,2014-07-01,2,False,0
532,2014-07-02,2,False,0
533,2014-07-03,2,False,0
534,2014-07-04,2,False,0
535,2014-07-05,2,False,0
536,2014-07-06,2,False,0
537,2014-07-07,2,False,0
538,2014-07-08,2,False,0
539,2014-07-09,2,False,0
540,2014-07-10,2,False,0
541,2014-07-11,2,False,0
542,2014-07-12,2,False,0
543,2014-07-13,2,False,0
544,2014-07-14,2,False,0
545,2014-07-15,2,False,0
546,2014-07-16,2,False,0
547,2014-07-17,2,False,0
548,2014-07-18,2,False,0
549,2014-07-19,2,False,0
550,2014-07-20,2,False,0
551,2014-07-21,2,False,0
552,2014-07-22,2,False,0
553,2014-07-23,2,False,0
554,2014-07-24,2,False,0
555,2014-07-25,2,False,0
556,2014-07-26,2,False,0
557,2014-07-27,2,False,0
558,2014-07-28,2,False,0
559,2014-07-29,2,False,0
560,2014-07-30,2,False,0
561,2014-07-31,2,False,0
562,2014-08-01,2,False,0
563,2014-08-02,2,False,0
564,2014-08-03,2,False,0
565,2014-08-04,2,False,0
566,2014-08-05,2,False,0
567,2014-08-06,2,False,0
568,2014-08-07,2,False,0
569,2014-08-08,2,False,0
570,2014-08-09,2,False,0
571,2014-08-10,2,False,0
572,2014-08-11,2,False,0
573,2014-08-12,2,False,0
574,2014-08-13,2,False,0
575,2014-08-14,2,False,0
576,2014-08-15,2,False,0
577,2014-08-16,2,False,0
578,2014-08-17,2,False,0
579,2014-08-18,2,False,0
580,2014-08-19,2,False,0
581,2014-08-20,2,False,0
582,2014-08-21,2,False,0
583,2014-08-22,2,False,0
584,2014-08-23,2,False,0
585,2014-08-24,2,False,0
586,2014-08-25,2,False,0
587,2014-08-26,2,False,0
588,2014-08-27,2,False,0
589,2014-08-28,2,False,0
590,2014-08-29,2,False,0
591,2014-08-30,2,False,0
592,2014-08-31,2,False,0
593,2014-09-01,2,False,0
594,2014-09-02,2,False,0
595,2014-09-03,2,False,0
596,2014-09-04,2,False,0
597,2014-09-05,2,False,0
598,2014-09-06,2,False,0
599,2014-09-07,2,False,0
600,2014-09-08,2,False,0
601,2014-09-09,2,False,0
602,2014-09-10,2,False,0
603,2014-09-11,2,False,0
604,2014-09-12,2,False,0
605,2014-09-13,2,False,0
606,2014-09-14,2,False,0
607,2014-09-15,2,False,0
608,2014-09-16,2,False,0
609,2014-09-17,2,False,0
610,2014-09-18,2,False,0
611,2014-09-19,2,False,0
612,2014-09-20,2,False,0
613,2014-09-21,2,False,0
614,2014-09-22,2,False,0
615,2014-09-23,2,False,0
616,2014-09-24,2,False,0
617,2014-09-25,2,False,0
618,2014-09-26,2,False,0
619,2014-09-27,2,False,0
620,2014-09-28,2,False,0
621,2014-09-29,2,False,0
622,2014-09-30,2,False,0
623,2014-10-01,2,False,0
624,2014-10-02,2,False,0
625,2014-10-03,2,False,0
626,2014-10-04,2,False,0
627,2014-10-05,2,False,0
628,2014-10-06,2,False,0
629,2014-10-07,2,False,0
630,2014-10-08,2,False,0
631,2014-10-09,2,False,0
632,2014-10-10,2,False,0
633,2014-10-11,2,False,0
634,2014-10-12,2,False,0
635,2014-10-13,2,False,0
636,2014-10-14,2,False,0
637,2014-10-15,2,False,0
638,2014-10-16,2,False,0
639,2014-10-17,2,False,0
640,2014-10-18,2,False,0
641,2014-10-19,2,False,0
642,2014-10-20,2,False,0
643,2014-10-21,2,False,0
644,2014-10-22,2,False,0
645,2014-10-23,2,False,0
646,2014-10-24,2,False,0
647,2014-10-25,2,False,0
648,2014-10-26,2,False,0
649,2014-10-27,2,False,0
650,2014-10-28,2,False,0
651,2014-10-29,2,False,0
652,2014-10-30,2,False,0
653,2014-10-31,2,False,0
654,2014-11-01,2,False,0
655,2014-11-02,2,False,0
656,2014-11-03,2,False,0
657,2014-11-04,2,False,0
658,2014-11-05,2,False,0
659,2014-11-06,2,False,0
660,2014-11-07,2,False,0
661,2014-11-08,2,False,0
662,2014-11-09,2,False,0
663,2014-11-10,2,False,0
664,2014-11-11,2,False,0
665,2014-11-12,2,False,0
666,2014-11-13,2,False,0
667,2014-11-14,2,False,0
668,2014-11-15,2,False,0
669,2014-11-16,2,False,0
670,2014-11-17,2,False,0
671,2014-11-18,2,False,0
672,2014-11-19,2,False,0
673,2014-11-20,2,False,0
674,2014-11-21,2,False,0
675,2014-11-22,2,False,0
676,2014-11-23,2,False,0
677,2014-11-24,2,False,0
678,2014-11-25,2,False,0
679,2014-11-26,2,False,0
680,2014-11-27,2,False,0
681,2014-11-28,2,False,0
682,2014-11-29,2,False,0
683,2014-11-30,2,False,0
684,2014-12-01,2,False,0
685,2014-12-02,2,False,0
686,2014-12-03,2,False,0
687,2014-12-04,2,False,0
688,2014-12-05,2,False,0
689,2014-12-06,2,False,0
690,2014-12-07,2,False,0
691,2014-12-08,2,False,0
692,2014-12-09,2,False,0
693,2014-12-10,2,False,0
694,2014-12-11,2,False,0
695,2014-12-12,2,False,0
696,2014-12-13,2,False,0
697,2014-12-14,2,False,0
698,2014-12-15,2,False,0
699,2014-12-16,2,False,0
700,2014-12-17,2,False,0
701,2014-12-18,2,False,0
702,2014-12-19,2,False,0
703,2014-12-20,2,False,0
704,2014-12-21,2,False,0
705,2014-12-22,2,False,0
706,2014-12-23,2,False,0
707,2014-12-24,2,False,0
708,2014-12-25,2,False,0
709,2014-12-26,2,False,0
710,2014-12-27,2,False,0
711,2014-12-28,2,False,0
712,2014-12-29,2,False,0
713,2014-12-30,2,False,0
714,2014-12-31,2,False,0
715,2015-01-01,2,False,0
716,2015-01-02,2,False,0
717,2015-01-03,2,False,0
718,2015-01-04,2,False,0
719,2015-01-05,2,False,0
720,2015-01-06,2,False,0
721,2015-01-07,2,False,0
722,2015-01-08,2,False,0
723,2015-01-09,2,False,0
724,2015-01-10,2,False,0
725,2015-01-11,2,False,0
726,2015-01-12,2,False,0
727,2015-01-13,2,False,0
728,2015-01-14,2,False,0
729,2015-01-15,2,False,0
730,2015-01-16,2,False,0
731,2015-01-17,2,False,0
732,2015-01-18,2,False,0
733,2015-01-19,2,False,0
734,2015-01-20,2,False,0
735,2015-01-21,2,False,0
736,2015-01-22,2,False,0
737,2015-01-23,2,False,0
738,2015-01-24,2,False,0
739,2015-01-25,2,False,0
740,2015-01-26,2,False,0
741,2015-01-27,2,False,0
742,2015-01-28,2,False,0
743,2015-01-29,2,False,0
744,2015-01-30,2,False,0
745,2015-01-31,2,False,0
746,2015-02-01,2,False,0
747,2015-02-02,2,False,0
748,2015-02-03,2,False,0
749,2015-02-04,2,False,0
750,2015-02-05,2,False,0
751,2015-02-06,2,False,0
752,2015-02-07,2,False,0
753,2015-02-08,2,False,0
754,2015-02-09,2,False,0
755,2015-02-10,2,False,0
756,2015-02-11,2,False,0
757,2015-02-12,2,False,0
758,2015-02-13,2,False,0
759,2015-02-14,2,False,0
760,2015-02-15,2,False,0
761,2015-02-16,2,False,0
762,2015-02-17,2,False,0
763,2015-02-18,2,False,0
764,2015-02-19,2,False,0
765,2015-02-20,2,False,0
766,2015-02-21,2,False,0
767,2015-02-22,2,False,0
768,2015-02-23,2,False,0
769,2015-02-24,2,False,0
770,2015-02-25,2,False,0
771,2015-02-26,2,False,0
772,2015-02-27,2,False,0
773,2015-02-28,2,False,0
774,2015-03-01,2,True,2
775,2015-03-02,2,True,2
776,2015-03-03,2,True,2
777,2015-03-04,2,True,2
778,2015-03-05,2,True,2
779,2015-03-06,2,True,2
780,2015-03-07,2,True,2
781,2015-03-08,2,True,2
782,2015-03-09,2,True,2
783,2015-03-10,2,True,2
784,2015-03-11,2,True,2
785,2015-03-12,2,True,2
786,2015-03-13,2,True,2
787,2015-03-14,2,True,2
788,2015-03-15,2,True,2
789,2015-03-16,0,True,2
790,2015-03-17,0,True,2
791,2015-03-18,0,True,2
792,2015-03-19,0,True,2
793,2015-03-20,0,True,2
794,2015-03-21,0,True,2
795,2015-03-22,0,True,2
796,2015-03-23,0,True,2
797,2015-03-24,0,True,2
798,2015-03-25,0,True,2
799,2015-03-26,0,True,2
800,2015-03-27,0,True,2
801,2015-03-28,0,True,2
802,2015-03-29,0,True,2
803,2015-03-30,0,False,0
804,2015-03-31,0,True,2
805,2015-04-01,0,True,2
806,2015-04-02,0,True,2
807,2015-04-03,0,True,2
808,2015-04-04,0,True,2
809,2015-04-05,0,True,2
810,2015-04-06,0,True,2
811,2015-04-07,0,True,2
812,2015-04-08,0,True,2
813,2015-04-09,0,True,2
814,2015-04-10,0,True,2
815,2015-04-11,0,True,2
816,2015-04-12,0,True,2
817,2015-04-13,2,True,2
818,2015-04-14,2,True,2
819,2015-04-15,2,True,2
820,2015-04-16,2,True,2
821,2015-04-17,2,True,2
822,2015-04-18,2,True,2
823,2015-04-19,2,True,2
824,2015-04-20,2,True,2
825,2015-04-21,2,True,2
826,2015-04-22,2,True,2
827,2015-04-23,2,True,2
828,2015-04-24,2,True,2
829,2015-04-25,2,True,2
830,2015-04-26,2,True,2
831,2015-04-27,2,True,2
832,2015-04-28,2,True,2
833,2015-04-29,2,False,0
834,2015-04-30,2,False,0
835,2015-05-01,2,False,0
836,2015-05-02,2,False,0
837,2015-05-03,2,False,0
838,2015-05-04,2,False,0
839,2015-05-05,2,False,0
840,2015-05-06,2,False,0
841,2015-05-07,2,False,0
842,2015-05-08,2,False,0
843,2015-05-09,2,False,0
844,2015-05-10,2,False,0
845,2015-05-11,2,False,0
846,2015-05-12,2,False,0
847,2015-05-13,2,False,0
848,2015-05-14,2,False,0
849,2015-05-15,2,False,0
850,2015-05-16,2,False,0
851,2015-05-17,2,False,0
852,2015-05-18,2,False,0
853,2015-05-19,2,False,0
854,2015-05-20,2,False,0
855,2015-05-21,2,False,0
856,2015-05-22,2,False,0
857,2015-05-23,2,False,0
858,2015-05-24,2,False,0
859,2015-05-25,2,False,0
860,2015-05-26,2,False,0
861,2015-05-27,2,False,0
862,2015-05-28,2,False,0
863,2015-05-29,0,False,0
864,2015-05-30,0,False,0
865,2015-05-31,0,False,0
866,2015-06-01,0,False,0
867,2015-06-02,0,False,0
868,2015-06-03,0,False,0
869,2015-06-04,0,False,0
870,2015-06-05,0,False,0
871,2015-06-06,0,False,0
872,2015-06-07,0,False,0
873,2015-06-08,0,False,0
874,2015-06-09,0,False,0
875,2015-06-10,0,False,0
876,2015-06-11,2,False,0
877,2015-06-12,2,False,0
878,2015-06-13,2,False,0
879,2015-06-14,2,False,0
880,2015-06-15,2,False,0
881,2015-06-16,2,False,0
882,2015-06-17,2,False,0
883,2015-06-18,2,False,0
884,2015-06-19,2,False,0
885,2015-06-20,2,False,0
886,2015-06-21,2,False,0
887,2015-06-22,2,False,0
888,2015-06-23,2,False,0
889,2015-06-24,2,False,0
890,2015-06-25,2,False,0
891,2015-06-26,2,False,0
892,2015-06-27,2,False,0
893,2015-06-28,2,False,0
894,2015-06-29,2,False,0
895,2015-06-30,2,False,0
896,2015-07-01,2,False,0
897,2015-07-02,2,False,0
898,2015-07-03,2,False,0
899,2015-07-04,2,False,0
900,2015-07-05,2,False,0
901,2015-07-06,2,False,0
902,2015-07-07,2,False,0
903,2015-07-08,2,False,0
904,2015-07-09,2,False,0
905,2015-07-10,2,False,0
906,2015-07-11,2,False,0
907,2015-07-12,2,False,0
908,2015-07-13,2,False,0
909,2015-07-14,2,False,0
910,2015-07-15,2,False,0
911,2015-07-16,2,False,0
912,2015-07-17,2,False,0
913,2015-07-18,2,False,0
914,2015-07-19,2,False,0
915,2015-07-20,2,False,0
916,2015-07-21,2,False,0
917,2015-07-22,2,False,0
918,2015-07-23,2,False,0
919,2015-07-24,2,False,0
920,2015-07-25,2,False,0
921,2015-07-26,2,False,0
922,2015-07-27,2,False,0
923,2015-07-28,2,False,0
924,2015-07-29,2,False,0
925,2015-07-30,2,False,0
926,2015-07-31,2,False,0
927,2015-08-01,2,False,0
928,2015-08-02,2,False,0
929,2015-08-03,2,False,0
930,2015-08-04,2,False,0
931,2015-08-05,2,False,0
932,2015-08-06,2,False,0
933,2015-08-07,2,False,0
934,2015-08-08,2,False,0
935,2015-08-09,2,False,0
936,2015-08-10,2,False,0
937,2015-08-11,2,False,0
938,2015-08-12,2,False,0
939,2015-08-13,2,False,0
940,2015-08-14,2,False,0
941,2015-08-15,2,False,0
942,2015-08-16,2,False,0
943,2015-08-17,2,False,0
944,2015-08-18,2,False,0
945,2015-08-19,2,False,0
946,2015-08-20,2,False,0
947,2015-08-21,2,False,0
948,2015-08-22,2,False,0
949,2015-08-23,2,False,0
950,2015-08-24,2,False,0
951,2015-08-25,2,False,0
952,2015-08-26,2,False,0
953,2015-08-27,2,False,0
954,2015-08-28,2,False,0
955,2015-08-29,2,False,0
956,2015-08-30,2,False,0
957,2015-08-31,2,False,0
958,2015-09-01,2,False,0
959,2015-09-02,2,False,0
960,2015-09-03,2,False,0
961,2015-09-04,2,False,0
962,2015-09-05,2,False,0
963,2015-09-06,2,False,0
964,2015-09-07,2,False,0
965,2015-09-08,2,False,0
966,2015-09-09,2,False,0
967,2015-09-10,2,False,0
968,2015-09-11,2,False,0
969,2015-09-12,2,False,0
970,2015-09-13,2,False,0
971,2015-09-14,2,False,0
972,2015-09-15,2,False,0
973,2015-09-16,2,False,0
974,2015-09-17,2,False,0
975,2015-09-18,0,False,0
976,2015-09-19,0,False,0
977,2015-09-20,0,False,0
978,2015-09-21,0,False,0
979,2015-09-22,0,False,0
980,2015-09-23,0,False,0
981,2015-09-24,0,False,0
982,2015-09-25,0,False,0
983,2015-09-26,0,False,0
984,2015-09-27,0,False,0
985,2015-09-28,2,False,0
986,2015-09-29,2,False,0
987,2015-09-30,2,False,0
988,2015-10-01,2,False,0
989,2015-10-02,2,False,0
990,2015-10-03,2,False,0
991,2015-10-04,2,False,0
992,2015-10-05,2,False,0
993,2015-10-06,2,False,0
994,2015-10-07,2,False,0
995,2015-10-08,2,False,0
996,2015-10-09,2,False,0
997,2015-10-10,2,False,0
998,2015-10-11,2,False,0
999,2015-10-12,2,False,0
1000,2015-10-13,2,False,0
1001,2015-10-14,2,False,0
1002,2015-10-15,2,False,0
1003,2015-10-16,2,False,0
1004,2015-10-17,2,False,0
1005,2015-10-18,2,False,0
1006,2015-10-19,2,False,0
1007,2015-10-20,2,False,0
1008,2015-10-21,2,False,0
1009,2015-10-22,2,False,0
1010,2015-10-23,2,False,0
1011,2015-10-24,2,False,0
1012,2015-10-25,2,False,0
1013,2015-10-26,2,False,0
1014,2015-10-27,2,False,0
1015,2015-10-28,2,False,0
1016,2015-10-29,2,False,0
1017,2015-10-30,2,False,0
1018,2015-10-31,2,False,0
1019,2015-11-01,2,False,0
1020,2015-11-02,2,False,0
1021,2015-11-03,2,True,2
1022,2015-11-04,2,True,2
1023,2015-11-05,2,True,2
1024,2015-11-06,2,True,2
1025,2015-11-07,2,True,2
1026,2015-11-08,2,True,2
1027,2015-11-09,2,True,2
1028,2015-11-10,2,True,2
1029,2015-11-11,2,True,2
1030,2015-11-12,2,True,2
1031,2015-11-13,2,True,2
1032,2015-11-14,2,True,2
1033,2015-11-15,2,True,2
1034,2015-11-16,2,True,2
1035,2015-11-17,2,True,2
1036,2015-11-18,0,True,2
1037,2015-11-19,0,True,2
1038,2015-11-20,0,True,2
1039,2015-11-21,0,True,2
1040,2015-11-22,0,True,2
1041,2015-11-23,0,True,2
1042,2015-11-24,0,True,2
1043,2015-11-25,0,True,2
1044,2015-11-26,0,True,2
1045,2015-11-27,0,True,2
1046,2015-11-28,0,True,2
1047,2015-11-29,0,True,2
1048,2015-11-30,0,True,2
1049,2015-12-01,0,True,2
1050,2015-12-02,0,True,2
1051,2015-12-03,0,True,2
1052,2015-12-04,0,False,0
1053,2015-12-05,0,False,0
1054,2015-12-06,0,False,0
1055,2015-12-07,0,False,0
1056,2015-12-08,0,False,0
1057,2015-12-09,0,False,0
1058,2015-12-10,0,False,0
1059,2015-12-11,0,False,0
1060,2015-12-12,0,False,0
1061,2015-12-13,0,False,0
1062,2015-12-14,0,False,0
1063,2015-12-15,0,False,0
1064,2015-12-16,0,False,0
1065,2015-12-17,0,False,0
1066,2015-12-18,0,False,0
1067,2015-12-19,0,True,2
1068,2015-12-20,0,True,2
1069,2015-12-21,0,True,2
1070,2015-12-22,0,True,2
1071,2015-12-23,0,True,2
1072,2015-12-24,0,True,2
1073,2015-12-25,0,True,2
1074,2015-12-26,0,True,2
1075,2015-12-27,0,True,2
1076,2015-12-28,0,True,2
1077,2015-12-29,0,True,2
1078,2015-12-30,0,True,2
1079,2015-12-31,0,True,2
1080,2016-01-01,0,True,2
1081,2016-01-02,0,True,2
1082,2016-01-03,2,True,2
1083,2016-01-04,2,True,2
1084,2016-01-05,2,True,2
1085,2016-01-06,2,True,2
1086,2016-01-07,2,True,2
1087,2016-01-08,2,True,2
1088,2016-01-09,2,True,2
1089,2016-01-10,2,True,2
1090,2016-01-11,2,True,2
1091,2016-01-12,2,True,2
1092,2016-01-13,2,True,2
1093,2016-01-14,2,True,2
1094,2016-01-15,2,True,2
1095,2016-01-16,2,True,2
1096,2016-01-17,2,True,2
1097,2016-01-18,2,True,2
1098,2016-01-19,2,False,0
1099,2016-01-20,2,False,0
1100,2016-01-21,2,False,0
1101,2016-01-22,2,False,0
1102,2016-01-23,2,False,0
1103,2016-01-24,2,False,0
1104,2016-01-25,2,False,0
1105,2016-01-26,2,False,0
1106,2016-01-27,2,False,0
1107,2016-01-28,2,False,0
1108,2016-01-29,2,False,0
1109,2016-01-30,2,False,0
1110,2016-01-31,2,False,0
1111,2016-02-01,2,False,0
1112,2016-02-02,2,False,0
1113,2016-02-03,2,False,0
1114,2016-02-04,2,False,0
1115,2016-02-05,2,False,0
1116,2016-02-06,2,False,0
1117,2016-02-07,2,False,0
1118,2016-02-08,2,False,0
1119,2016-02-09,2,False,0
1120,2016-02-10,2,False,0
1121,2016-02-11,2,False,0
1122,2016-02-12,2,False,0
1123,2016-02-13,2,False,0
1124,2016-02-14,2,False,0
1125,2016-02-15,2,False,0
1126,2016-02-16,2,False,0
1127,2016-02-17,2,False,0
1128,2016-02-18,2,False,0
1129,2016-02-19,2,False,0
1130,2016-02-20,2,False,0
1131,2016-02-21,2,False,0
1132,2016-02-22,2,False,0
1133,2016-02-23,2,False,0
1134,2016-02-24,2,False,0
1135,2016-02-25,2,False,0
1136,2016-02-26,2,False,0
1137,2016-02-27,2,False,0
1138,2016-02-28,2,False,0
1139,2016-02-29,2,False,0
1140,2016-03-01,2,False,0
1141,2016-03-02,2,False,0
1142,2016-03-03,2,False,0
1143,2016-03-04,2,False,0
1144,2016-03-05,2,False,0
1145,2016-03-06,2,False,0
1146,2016-03-07,2,False,0
1147,2016-03-08,2,False,0
1148,2016-03-09,2,False,0
1149,2016-03-10,2,False,0
1150,2016-03-11,2,False,0
1151,2016-03-12,2,False,0
1152,2016-03-13,2,False,0
1153,2016-03-14,2,False,0
1154,2016-03-15,2,False,0
1155,2016-03-16,2,False,0
1156,2016-03-17,2,False,0
1157,2016-03-18,2,False,0
1158,2016-03-19,2,False,0
1159,2016-03-20,2,False,0
1160,2016-03-21,2,False,0
1161,2016-03-22,2,False,0
1162,2016-03-23,2,False,0
1163,2016-03-24,2,False,0
1164,2016-03-25,2,False,0
1165,2016-03-26,2,False,0
1166,2016-03-27,2,False,0
1167,2016-03-28,2,False,0
1168,2016-03-29,2,False,0
1169,2016-03-30,2,False,0
1170,2016-03-31,2,False,0
1171,2016-04-01,2,False,0
1172,2016-04-02,2,False,0
1173,2016-04-03,2,False,0
1174,2016-04-04,2,False,0
1175,2016-04-05,2,False,0
1176,2016-04-06,2,False,0
1177,2016-04-07,2,False,0
1178,2016-04-08,2,False,0
1179,2016-04-09,2,False,0
1180,2016-04-10,2,False,0
1181,2016-04-11,2,False,0
1182,2016-04-12,2,False,0
1183,2016-04-13,2,False,0
1184,2016-04-14,2,False,0
1185,2016-04-15,2,False,0
1186,2016-04-16,2,False,0
1187,2016-04-17,2,False,0
1188,2016-04-18,2,False,0
1189,2016-04-19,2,False,0
1190,2016-04-20,2,False,0
1191,2016-04-21,2,False,0
1192,2016-04-22,2,False,0
1193,2016-04-23,2,False,0
1194,2016-04-24,2,False,0
1195,2016-04-25,2,False,0
1196,2016-04-26,2,False,0
1197,2016-04-27,2,False,0
1198,2016-04-28,2,False,0
1199,2016-04-29,2,False,0
1200,2016-04-30,2,False,0
1201,2016-05-01,2,False,0
1202,2016-05-02,2,False,0
1203,2016-05-03,2,False,0
1204,2016-05-04,2,False,0
1205,2016-05-05,2,False,0
1206,2016-05-06,2,False,0
1207,2016-05-07,2,False,0
1208,2016-05-08,2,False,0
1209,2016-05-09,2,False,0
1210,2016-05-10,2,False,0
1211,2016-05-11,2,False,0
1212,2016-05-12,2,False,0
1213,2016-05-13,2,False,0
1214,2016-05-14,2,False,0
1215,2016-05-15,2,False,0
1216,2016-05-16,2,False,0
1217,2016-05-17,2,False,0
1218,2016-05-18,2,False,0
1219,2016-05-19,2,False,0
1220,2016-05-20,2,False,0
1221,2016-05-21,2,False,0
1222,2016-05-22,2,False,0
1223,2016-05-23,2,False,0
1224,2016-05-24,2,False,0
1225,2016-05-25,2,False,0
1226,2016-05-26,2,False,0
1227,2016-05-27,2,False,0
1228,2016-05-28,2,False,0
1229,2016-05-29,2,False,0
1230,2016-05-30,2,False,0
1231,2016-05-31,2,False,0
1232,2016-06-01,2,False,0
1233,2016-06-02,2,False,0
1234,2016-06-03,2,False,0
1235,2016-06-04,2,False,0
1236,2016-06-05,2,False,0
1237,2016-06-06,2,False,0
1238,2016-06-07,2,False,0
1239,2016-06-08,2,False,0
1240,2016-06-09,2,False,0
1241,2016-06-10,2,False,0
1242,2016-06-11,2,False,0
1243,2016-06-12,2,False,0
1244,2016-06-13,2,False,0
1245,2016-06-14,2,False,0
1246,2016-06-15,2,True,2
1247,2016-06-16,2,True,2
1248,2016-06-17,2,True,2
1249,2016-06-18,2,True,2
1250,2016-06-19,2,True,2
1251,2016-06-20,2,True,2
1252,2016-06-21,2,True,2
1253,2016-06-22,2,True,2
1254,2016-06-23,2,True,2
1255,2016-06-24,2,True,2
1256,2016-06-25,2,True,2
1257,2016-06-26,2,True,2
1258,2016-06-27,2,True,2
1259,2016-06-28,2,True,2
1260,2016-06-29,2,True,2
1261,2016-06-30,0,True,2
1262,2016-07-01,0,True,2
1263,2016-07-02,0,True,2
1264,2016-07-03,0,True,2
1265,2016-07-04,0,True,2
1266,2016-07-05,0,True,2
1267,2016-07-06,0,True,2
1268,2016-07-07,0,True,2
1269,2016-07-08,0,True,2
1270,2016-07-09,0,True,2
1271,2016-07-10,0,True,2
1272,2016-07-11,0,True,2
1273,2016-07-12,0,True,2
1274,2016-07-13,0,True,2
1275,2016-07-14,0,True,2
1276,2016-07-15,0,True,2
1277,2016-07-16,0,False,0
1278,2016-07-17,0,False,0
1279,2016-07-18,0,False,0
1280,2016-07-19,0,False,0
1281,2016-07-20,0,False,0
1282,2016-07-21,0,False,0
1283,2016-07-22,0,False,0
1284,2016-07-23,0,False,0
1285,2016-07-24,0,False,0
1286,2016-07-25,0,False,0
1287,2016-07-26,0,False,0
1288,2016-07-27,0,False,0
1289,2016-07-28,0,False,0
1290,2016-07-29,0,False,0
1291,2016-07-30,0,False,0
1292,2016-07-31,0,False,0
1293,2016-08-01,0,False,0
1294,2016-08-02,0,False,0
1295,2016-08-03,0,False,0
1296,2016-08-04,0,False,0
1297,2016-08-05,0,False,0
1298,2016-08-06,0,False,0
1299,2016-08-07,0,False,0
1300,2016-08-08,0,False,0
1301,2016-08-09,0,False,0
1302,2016-08-10,0,False,0
1303,2016-08-11,0,False,0
1304,2016-08-12,0,False,0
1305,2016-08-13,0,False,0
1306,2016-08-14,0,False,0
1307,2016-08-15,0,False,0
1308,2016-08-16,0,False,0
1309,2016-08-17,0,False,0
1310,2016-08-18,0,False,0
1311,2016-08-19,0,False,0
1312,2016-08-20,0,False,0
1313,2016-08-21,0,False,0
1314,2016-08-22,0,False,0
1315,2016-08-23,0,False,0
1316,2016-08-24,0,False,0
1317,2016-08-25,0,False,0
1318,2016-08-26,0,False,0
1319,2016-08-27,0,False,0
1320,2016-08-28,0,False,0
1321,2016-08-29,0,False,0
1322,2016-08-30,0,False,0
1323,2016-08-31,0,False,0
1324,2016-09-01,0,False,0
1325,2016-09-02,0,False,0
1326,2016-09-03,0,False,0
1327,2016-09-04,0,False,0
1328,2016-09-05,0,False,0
1329,2016-09-06,0,False,0
1330,2016-09-07,0,False,0
1331,2016-09-08,0,False,0
1332,2016-09-09,0,False,0
1333,2016-09-10,0,False,0
1334,2016-09-11,0,False,0
1335,2016-09-12,0,False,0
1336,2016-09-13,0,False,0
1337,2016-09-14,0,False,0
1338,2016-09-15,0,False,0
1339,2016-09-16,0,False,0
1340,2016-09-17,0,False,0
1341,2016-09-18,0,False,0
1342,2016-09-19,0,False,0
1343,2016-09-20,0,False,0
1344,2016-09-21,0,False,0
1345,2016-09-22,0,False,0
1346,2016-09-23,0,False,0
1347,2016-09-24,0,False,0
1348,2016-09-25,0,False,0
1349,2016-09-26,0,False,0
1350,2016-09-27,0,False,0
1351,2016-09-28,0,False,0
1352,2016-09-29,0,False,0
1353,2016-09-30,0,False,0
1354,2016-10-01,0,False,0
1355,2016-10-02,0,False,0
1356,2016-10-03,0,False,0
1357,2016-10-04,0,False,0
1358,2016-10-05,0,False,0
1359,2016-10-06,0,False,0
1360,2016-10-07,0,False,0
1361,2016-10-08,0,False,0
1362,2016-10-09,0,False,0
1363,2016-10-10,0,False,0
1364,2016-10-11,0,False,0
1365,2016-10-12,0,False,0
1366,2016-10-13,0,False,0
1367,2016-10-14,0,False,0
1368,2016-10-15,0,False,0
1369,2016-10-16,0,False,0
1370,2016-10-17,0,False,0
1371,2016-10-18,0,True,2
1372,2016-10-19,0,True,2
1373,2016-10-20,0,True,2
1374,2016-10-21,0,True,2
1375,2016-10-22,0,True,2
1376,2016-10-23,0,True,2
1377,2016-10-24,0,True,2
1378,2016-10-25,0,True,2
1379,2016-10-26,0,True,2
1380,2016-10-27,0,True,2
1381,2016-10-28,0,True,2
1382,2016-10-29,0,True,2
1383,2016-10-30,0,True,2
1384,2016-10-31,0,True,2
1385,2016-11-01,0,True,2
1386,2016-11-02,2,True,2
1387,2016-11-03,2,True,2
1388,2016-11-04,2,True,2
1389,2016-11-05,2,True,2
1390,2016-11-06,2,True,2
1391,2016-11-07,2,True,2
1392,2016-11-08,2,True,2
1393,2016-11-09,2,True,2
1394,2016-11-10,2,True,2
1395,2016-11-11,2,True,2
1396,2016-11-12,2,True,2
1397,2016-11-13,2,True,2
1398,2016-11-14,2,True,2
1399,2016-11-15,2,True,2
1400,2016-11-16,2,True,2
1401,2016-11-17,2,True,2
1402,2016-11-18,2,False,0
1403,2016-11-19,2,False,0
1404,2016-11-20,2,False,0
1405,2016-11-21,2,False,0
1406,2016-11-22,2,False,0
1407,2016-11-23,2,False,0
1408,2016-11-24,2,False,0
1409,2016-11-25,2,False,0
1410,2016-11-26,2,False,0
1411,2016-11-27,2,False,0
1412,2016-11-28,2,False,0
1413,2016-11-29,2,False,0
1414,2016-11-30,2,False,0
1415,2016-12-01,2,False,0
1416,2016-12-02,2,False,0
1417,2016-12-03,2,False,0
1418,2016-12-04,2,False,0
1419,2016-12-05,2,False,0
1420,2016-12-06,2,False,0
1421,2016-12-07,2,False,0
1422,2016-12-08,2,False,0
1423,2016-12-09,2,False,0
1424,2016-12-10,2,False,0
1425,2016-12-11,2,False,0
1426,2016-12-12,2,False,0
1427,2016-12-13,2,False,0
1428,2016-12-14,2,False,0
1429,2016-12-15,2,False,0
1430,2016-12-16,2,False,0
1431,2016-12-17,2,False,0
1432,2016-12-18,2,False,0
1433,2016-12-19,2,False,0
1434,2016-12-20,2,False,0
1435,2016-12-21,2,False,0
1436,2016-12-22,2,False,0
1437,2016-12-23,2,False,0
1438,2016-12-24,2,False,0
1439,2016-12-25,2,False,0
1440,2016-12-26,2,False,0
1441,2016-12-27,2,False,0
1442,2016-12-28,2,False,0
1443,2016-12-29,2,False,0
1444,2016-12-30,2,False,0
1445,2016-12-31,2,False,0
1446,2017-01-01,2,False,0
1447,2017-01-02,2,False,0
1448,2017-01-03,2,False,0
1449,2017-01-04,2,False,0
1450,2017-01-05,2,False,0
1451,2017-01-06,2,False,0
1452,2017-01-07,2,False,0
1453,2017-01-08,2,False,0
1454,2017-01-09,2,False,0
1455,2017-01-10,2,False,0
1456,2017-01-11,2,False,0
1457,2017-01-12,2,False,0
1458,2017-01-13,2,False,0
1459,2017-01-14,2,False,0
1460,2017-01-15,2,False,0
1461,2017-01-16,2,False,0
1462,2017-01-17,2,False,0
1463,2017-01-18,2,False,0
1464,2017-01-19,2,False,0
1465,2017-01-20,2,False,0
1466,2017-01-21,2,False,0
1467,2017-01-22,2,False,0
1468,2017-01-23,2,False,0
1469,2017-01-24,2,False,0
1470,2017-01-25,2,False,0
1471,2017-01-26,2,False,0
1472,2017-01-27,2,False,0
1473,2017-01-28,2,False,0
1474,2017-01-29,2,False,0
1475,2017-01-30,2,False,0
1476,2017-01-31,2,True,2
1477,2017-02-01,2,True,2
1478,2017-02-02,2,True,2
1479,2017-02-03,2,True,2
1480,2017-02-04,2,True,2
1481,2017-02-05,2,True,2
1482,2017-02-06,2,True,2
1483,2017-02-07,2,True,2
1484,2017-02-08,2,True,2
1485,2017-02-09,2,True,2
1486,2017-02-10,2,True,2
1487,2017-02-11,2,True,2
1488,2017-02-12,2,True,2
1489,2017-02-13,2,True,2
1490,2017-02-14,2,True,2
1491,2017-02-15,0,True,2
1492,2017-02-16,0,True,2
1493,2017-02-17,0,True,2
1494,2017-02-18,0,True,2
1495,2017-02-19,0,True,2
1496,2017-02-20,0,True,2
1497,2017-02-21,0,True,2
1498,2017-02-22,0,True,2
1499,2017-02-23,0,False,0
1500,2017-02-24,0,False,0
1501,2017-02-25,0,False,0
1502,2017-02-26,0,False,0
1503,2017-02-27,0,False,0
1504,2017-02-28,0,False,0
1505,2017-03-01,0,False,0
1506,2017-03-02,0,True,2
1507,2017-03-03,0,True,2
1508,2017-03-04,0,True,2
1509,2017-03-05,0,True,2
1510,2017-03-06,0,True,2
1511,2017-03-07,0,True,2
1512,2017-03-08,0,True,2
1513,2017-03-09,2,True,2
1514,2017-03-10,2,True,2
1515,2017-03-11,2,True,2
1516,2017-03-12,2,True,2
1517,2017-03-13,2,True,2
1518,2017-03-14,2,True,2
1519,2017-03-15,2,True,2
1520,2017-03-16,2,True,2
1521,2017-03-17,2,True,2
1522,2017-03-18,2,True,2
1523,2017-03-19,2,True,2
1524,2017-03-20,2,True,2
1525,2017-03-21,2,True,2
1526,2017-03-22,2,True,2
1527,2017-03-23,2,True,2
1528,2017-03-24,2,True,2
1529,2017-03-25,2,False,0
1530,2017-03-26,2,False,0
1531,2017-03-27,2,False,0
1532,2017-03-28,2,False,0
1533,2017-03-29,2,False,0
1534,2017-03-30,2,False,0
1535,2017-03-31,2,False,0
1536,2017-04-01,2,False,0
1537,2017-04-02,2,False,0
1538,2017-04-03,2,False,0
1539,2017-04-04,2,False,0
1540,2017-04-05,2,False,0
1541,2017-04-06,2,False,0
1542,2017-04-07,2,False,0
1543,2017-04-08,2,False,0
1544,2017-04-09,2,False,0
1545,2017-04-10,2,False,0
1546,2017-04-11,2,False,0
1547,2017-04-12,2,False,0
1548,2017-04-13,2,False,0
1549,2017-04-14,2,False,0
1550,2017-04-15,2,False,0
1551,2017-04-16,2,False,0
1552,2017-04-17,2,False,0
1553,2017-04-18,2,False,0
1554,2017-04-19,2,False,0
1555,2017-04-20,2,False,0
1556,2017-04-21,2,False,0
1557,2017-04-22,2,False,0
1558,2017-04-23,2,False,0
1559,2017-04-24,2,False,0
1560,2017-04-25,2,False,0
1561,2017-04-26,2,False,0
1562,2017-04-27,2,False,0
1563,2017-04-28,2,False,0
1564,2017-04-29,2,False,0
1565,2017-04-30,2,False,0
1566,2017-05-01,2,False,0
1567,2017-05-02,2,False,0
1568,2017-05-03,2,False,0
1569,2017-05-04,2,False,0
1570,2017-05-05,2,False,0
1571,2017-05-06,2,False,0
1572,2017-05-07,2,False,0
1573,2017-05-08,2,False,0
1574,2017-05-09,2,False,0
1575,2017-05-10,2,False,0
1576,2017-05-11,2,False,0
1577,2017-05-12,2,False,0
1578,2017-05-13,2,False,0
1579,2017-05-14,2,False,0
1580,2017-05-15,2,False,0
1581,2017-05-16,2,False,0
1582,2017-05-17,2,False,0
1583,2017-05-18,2,False,0
1584,2017-05-19,2,False,0
1585,2017-05-20,2,False,0
1586,2017-05-21,2,False,0
1587,2017-05-22,2,False,0
1588,2017-05-23,2,False,0
1589,2017-05-24,2,False,0
1590,2017-05-25,2,False,0
1591,2017-05-26,2,False,0
1592,2017-05-27,2,False,0
1593,2017-05-28,2,False,0
1594,2017-05-29,2,True,2
1595,2017-05-30,2,True,2
1596,2017-05-31,2,True,2
1597,2017-06-01,2,True,2
1598,2017-06-02,2,True,2
1599,2017-06-03,2,True,2
1600,2017-06-04,2,True,2
1601,2017-06-05,2,True,2
1602,2017-06-06,2,True,2
1603,2017-06-07,0,True,2
1604,2017-06-08,0,True,2
1605,2017-06-09,0,True,2
1606,2017-06-10,0,True,2
1607,2017-06-11,0,True,2
1608,2017-06-12,0,True,2
1609,2017-06-13,0,False,0
1610,2017-06-14,0,False,0
1611,2017-06-15,2,False,0
1612,2017-06-16,2,False,0
1613,2017-06-17,2,False,0
1614,2017-06-18,2,False,0
1615,2017-06-19,2,False,0
1616,2017-06-20,2,False,0
1617,2017-06-21,0,False,0
1618,2017-06-22,0,False,0
1619,2017-06-23,0,False,0
1620,2017-06-24,0,False,0
1621,2017-06-25,0,False,0
1622,2017-06-26,0,False,0
1623,2017-06-27,0,False,0
1624,2017-06-28,0,True,2
1625,2017-06-29,0,True,2
1626,2017-06-30,0,True,2
1627,2017-07-01,0,True,2
1628,2017-07-02,0,True,2
1629,2017-07-03,2,True,2
1630,2017-07-04,2,True,2
1631,2017-07-05,2,True,2
1632,2017-07-06,2,True,2
1633,2017-07-07,2,True,2
1634,2017-07-08,2,True,2
1635,2017-07-09,2,True,2
1636,2017-07-10,2,True,2
1637,2017-07-11,2,True,2
1638,2017-07-12,2,True,2
1639,2017-07-13,2,False,0
1640,2017-07-14,2,False,0
1641,2017-07-15,2,False,0
1642,2017-07-16,2,False,0
1643,2017-07-17,2,False,0
1644,2017-07-18,2,False,0
1645,2017-07-19,2,False,0
1646,2017-07-20,2,False,0
1647,2017-07-21,2,False,0
1648,2017-07-22,2,False,0
1649,2017-07-23,2,False,0
1650,2017-07-24,2,False,0
1651,2017-07-25,2,False,0
1652,2017-07-26,2,False,0
1653,2017-07-27,2,False,0
1654,2017-07-28,2,False,0
1655,2017-07-29,2,False,0
1656,2017-07-30,2,False,0
1657,2017-07-31,2,False,0
1658,2017-08-01,2,False,0
1659,2017-08-02,2,False,0
1660,2017-08-03,2,False,0
1661,2017-08-04,2,False,0
1662,2017-08-05,2,False,0
1663,2017-08-06,2,False,0
1664,2017-08-07,2,False,0
1665,2017-08-08,2,False,0
1666,2017-08-09,2,False,0
1667,2017-08-10,2,False,0
1668,2017-08-11,2,False,0
1669,2017-08-12,2,False,0
1670,2017-08-13,2,False,0
1671,2017-08-14,2,False,0
1672,2017-08-15,2,False,0
1673,2017-08-16,2,False,0
1674,2017-08-17,2,False,0
1675,2017-08-18,2,False,0
1676,2017-08-19,2,False,0
1677,2017-08-20,2,False,0
1678,2017-08-21,2,False,0
1679,2017-08-22,2,True,2
1680,2017-08-23,2,True,2
1681,2017-08-24,2,True,2
1682,2017-08-25,2,True,2
1683,2017-08-26,2,True,2
1684,2017-08-27,2,True,2
1685,2017-08-28,2,True,2
1686,2017-08-29,2,True,2
1687,2017-08-30,2,True,2
1688,2017-08-31,2,True,2
1689,2017-09-01,2,True,2
1690,2017-09-02,2,True,2
1691,2017-09-03,2,True,2
1692,2017-09-04,2,True,2
1693,2017-09-05,2,True,2
1694,2017-09-06,0,True,2
1695,2017-09-07,0,True,2
1696,2017-09-08,0,True,2
1697,2017-09-09,0,True,2
1698,2017-09-10,0,True,2
1699,2017-09-11,0,True,2
1700,2017-09-12,0,True,2
1701,2017-09-13,0,True,2
1702,2017-09-14,0,True,2
1703,2017-09-15,0,True,2
1704,2017-09-16,0,True,2
1705,2017-09-17,0,True,2
1706,2017-09-18,0,True,2
1707,2017-09-19,0,True,2
1708,2017-09-20,0,True,2
1709,2017-09-21,0,True,2
1710,2017-09-22,0,True,2
1711,2017-09-23,0,True,2
1712,2017-09-24,0,True,2
1713,2017-09-25,0,True,2
1714,2017-09-26,0,True,2
1715,2017-09-27,0,True,2
1716,2017-09-28,0,True,2
1717,2017-09-29,0,True,2
1718,2017-09-30,0,True,2
1719,2017-10-01,0,True,2
1720,2017-10-02,0,True,2
1721,2017-10-03,0,True,2
1722,2017-10-04,0,True,2
1723,2017-10-05,2,True,2
1724,2017-10-06,2,True,2
1725,2017-10-07,2,True,2
1726,2017-10-08,2,True,2
1727,2017-10-09,2,True,2
1728,2017-10-10,2,True,2
1729,2017-10-11,2,True,2
1730,2017-10-12,2,True,2
1731,2017-10-13,2,True,2
1732,2017-10-14,2,True,2
1733,2017-10-15,2,True,2
1734,2017-10-16,2,True,2
1735,2017-10-17,2,True,2
1736,2017-10-18,2,True,2
1737,2017-10-19,2,True,2
1738,2017-10-20,2,True,2
1739,2017-10-21,2,False,0
1740,2017-10-22,2,False,0
1741,2017-10-23,2,False,0
1742,2017-10-24,2,False,0
1743,2017-10-25,2,False,0
1744,2017-10-26,2,False,0
1745,2017-10-27,2,False,0
1746,2017-10-28,2,False,0
1747,2017-10-29,2,False,0
1748,2017-10-30,2,False,0
1749,2017-10-31,2,False,0
1750,2017-11-01,2,False,0
1751,2017-11-02,2,False,0
1752,2017-11-03,2,False,0
1753,2017-11-04,2,False,0
1754,2017-11-05,2,False,0
1755,2017-11-06,2,False,0
1756,2017-11-07,2,False,0
1757,2017-11-08,2,False,0
1758,2017-11-09,2,False,0
1759,2017-11-10,2,False,0
1760,2017-11-11,2,False,0
1761,2017-11-12,2,False,0
1762,2017-11-13,2,False,0
1763,2017-11-14,2,False,0
1764,2017-11-15,2,False,0
1765,2017-11-16,2,False,0
1766,2017-11-17,2,False,0
1767,2017-11-18,2,False,0
1768,2017-11-19,2,False,0
1769,2017-11-20,2,False,0
1770,2017-11-21,2,False,0
1771,2017-11-22,2,False,0
1772,2017-11-23,2,False,0
1773,2017-11-24,2,False,0
1774,2017-11-25,2,False,0
1775,2017-11-26,2,False,0
1776,2017-11-27,2,False,0
1777,2017-11-28,2,False,0
1778,2017-11-29,2,False,0
1779,2017-11-30,2,False,0
1780,2017-12-01,2,False,0
1781,2017-12-02,2,False,0
1782,2017-12-03,2,False,0
1783,2017-12-04,2,False,0
1784,2017-12-05,2,False,0
1785,2017-12-06,2,False,0
1786,2017-12-07,2,False,0
1787,2017-12-08,2,False,0
1788,2017-12-09,2,False,0
1789,2017-12-10,2,False,0
1790,2017-12-11,2,False,0
1791,2017-12-12,2,False,0
1792,2017-12-13,2,False,0
1793,2017-12-14,2,False,0
1794,2017-12-15,2,False,0
1795,2017-12-16,2,False,0
1796,2017-12-17,2,False,0
1797,2017-12-18,2,False,0
1798,2017-12-19,2,False,0
1799,2017-12-20,2,False,0
1800,2017-12-21,2,False,0
1801,2017-12-22,2,False,0
1802,2017-12-23,2,False,0
1803,2017-12-24,2,False,0
1804,2017-12-25,2,False,0
1805,2017-12-26,2,False,0
1806,2017-12-27,2,False,0
1807,2017-12-28,2,False,0
1808,2017-12-29,2,False,0
1809,2017-12-30,2,False,0
1810,2017-12-31,2,False,0
1811,2018-01-01,2,False,0
1812,2018-01-02,2,False,0
1813,2018-01-03,2,False,0
1814,2018-01-04,2,False,0
1815,2018-01-05,2,False,0
1816,2018-01-06,2,False,0
1817,2018-01-07,2,False,0
1818,2018-01-08,2,False,0
1819,2018-01-09,2,False,0
1820,2018-01-10,2,False,0
1821,2018-01-11,2,False,0
1822,2018-01-12,2,False,0
1823,2018-01-13,2,False,0
1824,2018-01-14,2,False,0
1825,2018-01-15,2,False,0
1826,2018-01-16,2,False,0
1827,2018-01-17,2,False,0
1828,2018-01-18,2,False,0
1829,2018-01-19,2,False,0
1830,2018-01-20,2,False,0
1831,2018-01-21,2,False,0
1832,2018-01-22,2,False,0
1833,2018-01-23,2,False,0
1834,2018-01-24,2,False,0
1835,2018-01-25,2,False,0
1836,2018-01-26,2,False,0
1837,2018-01-27,2,False,0
1838,2018-01-28,2,False,0
1839,2018-01-29,2,False,0
1840,2018-01-30,2,False,0
1841,2018-01-31,2,False,0
1842,2018-02-01,2,False,0
1843,2018-02-02,2,False,0
1844,2018-02-03,2,False,0
1845,2018-02-04,2,False,0
1846,2018-02-05,2,False,0
1847,2018-02-06,2,False,0
1848,2018-02-07,2,False,0
1849,2018-02-08,2,False,0
1850,2018-02-09,2,False,0
1851,2018-02-10,2,False,0
1852,2018-02-11,2,False,0
1853,2018-02-12,2,False,0
1854,2018-02-13,2,False,0
1855,2018-02-14,2,False,0
1856,2018-02-15,2,False,0
1857,2018-02-16,2,False,0
1858,2018-02-17,2,False,0
1859,2018-02-18,2,False,0
1860,2018-02-19,2,False,0
1861,2018-02-20,2,False,0
1862,2018-02-21,2,False,0
1863,2018-02-22,2,False,0
1864,2018-02-23,2,False,0
1865,2018-02-24,2,False,0
1866,2018-02-25,2,False,0
1867,2018-02-26,2,False,0
1868,2018-02-27,2,True,2
1869,2018-02-28,2,True,2
1870,2018-03-01,2,True,2
1871,2018-03-02,2,True,2
1872,2018-03-03,2,True,2
1873,2018-03-04,2,True,2
1874,2018-03-05,2,True,2
1875,2018-03-06,2,True,2
1876,2018-03-07,2,True,2
1877,2018-03-08,2,True,2
1878,2018-03-09,2,True,2
1879,2018-03-10,2,True,2
1880,2018-03-11,2,True,2
1881,2018-03-12,2,True,2
1882,2018-03-13,2,True,2
1883,2018-03-14,0,True,2
1884,2018-03-15,0,False,0
1885,2018-03-16,0,False,0
1886,2018-03-17,0,False,0
1887,2018-03-18,0,False,0
1888,2018-03-19,0,False,0
1889,2018-03-20,0,False,0
1890,2018-03-21,0,False,0
1891,2018-03-22,0,False,0
1892,2018-03-23,0,False,0
1893,2018-03-24,0,False,0
1894,2018-03-25,0,False,0
1895,2018-03-26,0,False,0
1896,2018-03-27,0,False,0
1897,2018-03-28,0,False,0
1898,2018-03-29,2,True,2
1899,2018-03-30,2,True,2
1900,2018-03-31,2,True,2
1901,2018-04-01,2,True,2
1902,2018-04-02,2,True,2
1903,2018-04-03,2,True,2
1904,2018-04-04,2,True,2
1905,2018-04-05,2,True,2
1906,2018-04-06,2,True,2
1907,2018-04-07,2,True,2
1908,2018-04-08,2,True,2
1909,2018-04-09,2,True,2
1910,2018-04-10,2,True,2
1911,2018-04-11,2,True,2
1912,2018-04-12,2,True,2
1913,2018-04-13,2,True,2
1914,2018-04-14,2,False,0
1915,2018-04-15,2,False,0
1916,2018-04-16,2,False,0
1917,2018-04-17,2,False,0
1918,2018-04-18,2,False,0
1919,2018-04-19,2,False,0
1920,2018-04-20,2,False,0
1921,2018-04-21,2,False,0
1922,2018-04-22,2,False,0
1923,2018-04-23,2,False,0
1924,2018-04-24,2,False,0
1925,2018-04-25,2,False,0
1926,2018-04-26,2,False,0
1927,2018-04-27,2,False,0
1928,2018-04-28,2,False,0
1929,2018-04-29,2,False,0
1930,2018-04-30,2,False,0
1931,2018-05-01,2,False,0
1932,2018-05-02,2,False,0
1933,2018-05-03,2,False,0
1934,2018-05-04,2,False,0
1935,2018-05-05,2,False,0
1936,2018-05-06,2,False,0
1937,2018-05-07,2,False,0
1938,2018-05-08,2,False,0
1939,2018-05-09,2,False,0
1940,2018-05-10,2,False,0
1941,2018-05-11,2,False,0
1942,2018-05-12,2,False,0
1943,2018-05-13,2,False,0
1944,2018-05-14,2,False,0
1945,2018-05-15,2,False,0
1946,2018-05-16,2,False,0
1947,2018-05-17,2,False,0
1948,2018-05-18,2,False,0
1949,2018-05-19,2,False,0
1950,2018-05-20,2,False,0
1951,2018-05-21,2,False,0
1952,2018-05-22,2,False,0
1953,2018-05-23,2,False,0
1954,2018-05-24,2,False,0
1955,2018-05-25,2,False,0
1956,2018-05-26,2,False,0
1957,2018-05-27,2,False,0
1958,2018-05-28,2,False,0
1959,2018-05-29,2,False,0
1960,2018-05-30,2,False,0
1961,2018-05-31,2,False,0
1962,2018-06-01,2,False,0
1963,2018-06-02,2,True,2
1964,2018-06-03,2,True,2
1965,2018-06-04,2,True,2
1966,2018-06-05,2,True,2
1967,2018-06-06,2,True,2
1968,2018-06-07,2,True,2
1969,2018-06-08,2,True,2
1970,2018-06-09,2,True,2
1971,2018-06-10,2,True,2
1972,2018-06-11,2,True,2
1973,2018-06-12,2,True,2
1974,2018-06-13,2,True,2
1975,2018-06-14,2,True,2
1976,2018-06-15,2,True,2
1977,2018-06-16,2,True,2
1978,2018-06-17,0,True,2
1979,2018-06-18,0,True,2
1980,2018-06-19,0,True,2
1981,2018-06-20,0,True,2
1982,2018-06-21,0,True,2
1983,2018-06-22,0,True,2
1984,2018-06-23,0,True,2
1985,2018-06-24,0,True,2
1986,2018-06-25,0,False,0
1987,2018-06-26,0,False,0
1988,2018-06-27,0,False,0
1989,2018-06-28,0,False,0
1990,2018-06-29,0,False,0
1991,2018-06-30,0,False,0
1992,2018-07-01,0,False,0
1993,2018-07-02,0,True,2
1994,2018-07-03,0,True,2
1995,2018-07-04,0,True,2
1996,2018-07-05,0,True,2
1997,2018-07-06,0,True,2
1998,2018-07-07,0,True,2
1999,2018-07-08,0,True,2
2000,2018-07-09,2,True,2
2001,2018-07-10,2,True,2
2002,2018-07-11,2,True,2
2003,2018-07-12,2,True,2
2004,2018-07-13,2,True,2
2005,2018-07-14,2,True,2
2006,2018-07-15,2,True,2
2007,2018-07-16,2,True,2
2008,2018-07-17,2,True,2
2009,2018-07-18,2,True,2
2010,2018-07-19,2,True,2
2011,2018-07-20,2,True,2
2012,2018-07-21,2,True,2
2013,2018-07-22,2,True,2
2014,2018-07-23,2,True,2
2015,2018-07-24,2,True,2
2016,2018-07-25,2,False,0
2017,2018-07-26,2,False,0
2018,2018-07-27,2,False,0
2019,2018-07-28,2,False,0
2020,2018-07-29,2,False,0
2021,2018-07-30,2,False,0
2022,2018-07-31,2,False,0
2023,2018-08-01,2,False,0
2024,2018-08-02,2,False,0
2025,2018-08-03,2,False,0
2026,2018-08-04,2,False,0
2027,2018-08-05,2,False,0
2028,2018-08-06,2,False,0
2029,2018-08-07,2,False,0
2030,2018-08-08,2,False,0
2031,2018-08-09,2,False,0
2032,2018-08-10,2,False,0
2033,2018-08-11,2,False,0
2034,2018-08-12,2,False,0
2035,2018-08-13,2,False,0
2036,2018-08-14,2,False,0
2037,2018-08-15,2,False,0
2038,2018-08-16,2,False,0
2039,2018-08-17,2,False,0
2040,2018-08-18,2,False,0
2041,2018-08-19,2,False,0
2042,2018-08-20,2,False,0
2043,2018-08-21,2,False,0
2044,2018-08-22,2,False,0
2045,2018-08-23,2,False,0
2046,2018-08-24,2,False,0
2047,2018-08-25,2,False,0
2048,2018-08-26,2,False,0
2049,2018-08-27,2,False,0
2050,2018-08-28,2,False,0
2051,2018-08-29,2,False,0
2052,2018-08-30,2,False,0
2053,2018-08-31,2,False,0
2054,2018-09-01,2,False,0
2055,2018-09-02,2,False,0
2056,2018-09-03,2,False,0
2057,2018-09-04,2,False,0
2058,2018-09-05,2,False,0
2059,2018-09-06,2,False,0
2060,2018-09-07,2,False,0
2061,2018-09-08,2,False,0
2062,2018-09-09,2,False,0
2063,2018-09-10,2,False,0
2064,2018-09-11,2,False,0
2065,2018-09-12,2,False,0
2066,2018-09-13,2,False,0
2067,2018-09-14,2,False,0
2068,2018-09-15,2,False,0
2069,2018-09-16,2,False,0
2070,2018-09-17,2,False,0
2071,2018-09-18,2,False,0
2072,2018-09-19,2,False,0
2073,2018-09-20,2,False,0
2074,2018-09-21,2,False,0
2075,2018-09-22,2,False,0
2076,2018-09-23,2,False,0
2077,2018-09-24,2,False,0
2078,2018-09-25,2,False,0
2079,2018-09-26,2,False,0
2080,2018-09-27,2,False,0
2081,2018-09-28,2,False,0
2082,2018-09-29,2,False,0
2083,2018-09-30,2,False,0
2084,2018-10-01,2,False,0
2085,2018-10-02,2,False,0
2086,2018-10-03,2,False,0
2087,2018-10-04,2,False,0
2088,2018-10-05,2,False,0
2089,2018-10-06,2,False,0
2090,2018-10-07,2,False,0
2091,2018-10-08,2,False,0
2092,2018-10-09,2,False,0
2093,2018-10-10,2,False,0
2094,2018-10-11,2,False,0
2095,2018-10-12,2,False,0
2096,2018-10-13,2,False,0
2097,2018-10-14,2,False,0
2098,2018-10-15,2,False,0
2099,2018-10-16,2,False,0
2100,2018-10-17,0,False,0
2101,2018-10-18,0,False,0
2102,2018-10-19,0,False,0
2103,2018-10-20,0,False,0
2104,2018-10-21,0,False,0
2105,2018-10-22,0,False,0
2106,2018-10-23,0,False,0
2107,2018-10-24,0,False,0
2108,2018-10-25,0,False,0
2109,2018-10-26,0,False,0
2110,2018-10-27,2,False,0
2111,2018-10-28,2,False,0
2112,2018-10-29,2,False,0
2113,2018-10-30,2,False,0
2114,2018-10-31,2,False,0
2115,2018-11-01,2,False,0
2116,2018-11-02,2,False,0
2117,2018-11-03,2,False,0
2118,2018-11-04,2,False,0
2119,2018-11-05,2,False,0
2120,2018-11-06,2,False,0
2121,2018-11-07,2,False,0
2122,2018-11-08,2,False,0
2123,2018-11-09,2,False,0
2124,2018-11-10,2,False,0
2125,2018-11-11,2,False,0
2126,2018-11-12,2,False,0
2127,2018-11-13,2,False,0
2128,2018-11-14,2,False,0
2129,2018-11-15,2,False,0
2130,2018-11-16,2,False,0
2131,2018-11-17,2,False,0
2132,2018-11-18,2,False,0
2133,2018-11-19,2,False,0
2134,2018-11-20,2,False,0
2135,2018-11-21,2,False,0
2136,2018-11-22,2,False,0
2137,2018-11-23,2,False,0
2138,2018-11-24,2,False,0
2139,2018-11-25,2,False,0
2140,2018-11-26,2,False,0
2141,2018-11-27,2,False,0
2142,2018-11-28,2,False,0
2143,2018-11-29,2,False,0
2144,2018-11-30,2,False,0
2145,2018-12-01,2,False,0
2146,2018-12-02,2,False,0
2147,2018-12-03,2,False,0
2148,2018-12-04,2,False,0
2149,2018-12-05,2,False,0
2150,2018-12-06,2,False,0
2151,2018-12-07,2,False,0
2152,2018-12-08,2,False,0
2153,2018-12-09,2,False,0
2154,2018-12-10,2,False,0
2155,2018-12-11,2,False,0
2156,2018-12-12,2,False,0
2157,2018-12-13,2,False,0
2158,2018-12-14,2,False,0
2159,2018-12-15,2,False,0
2160,2018-12-16,2,False,0
2161,2018-12-17,2,False,0
2162,2018-12-18,2,False,0
2163,2018-12-19,2,False,0
2164,2018-12-20,2,False,0
2165,2018-12-21,2,False,0
2166,2018-12-22,2,False,0
2167,2018-12-23,2,False,0
2168,2018-12-24,2,False,0
2169,2018-12-25,2,False,0
2170,2018-12-26,2,False,0
2171,2018-12-27,2,False,0
2172,2018-12-28,2,False,0
2173,2018-12-29,2,False,0
2174,2018-12-30,2,False,0
2175,2018-12-31,2,False,0
2176,2019-01-01,2,False,0
2177,2019-01-02,2,False,0
2178,2019-01-03,2,False,0
2179,2019-01-04,2,False,0
2180,2019-01-05,2,False,0
2181,2019-01-06,2,False,0
2182,2019-01-07,2,False,0
2183,2019-01-08,2,False,0
2184,2019-01-09,2,False,0
2185,2019-01-10,2,False,0
2186,2019-01-11,2,False,0
2187,2019-01-12,2,False,0
2188,2019-01-13,2,False,0
2189,2019-01-14,2,False,0
2190,2019-01-15,2,False,0
2191,2019-01-16,2,False,0
2192,2019-01-17,2,False,0
2193,2019-01-18,2,False,0
2194,2019-01-19,2,False,0
2195,2019-01-20,2,False,0
2196,2019-01-21,2,False,0
2197,2019-01-22,2,False,0
2198,2019-01-23,2,False,0
2199,2019-01-24,2,False,0
2200,2019-01-25,2,False,0
2201,2019-01-26,2,False,0
2202,2019-01-27,2,False,0
2203,2019-01-28,2,False,0
2204,2019-01-29,2,False,0
2205,2019-01-30,2,False,0
2206,2019-01-31,2,False,0
2207,2019-02-01,2,False,0
2208,2019-02-02,2,False,0
2209,2019-02-03,2,False,0
2210,2019-02-04,2,False,0
2211,2019-02-05,2,False,0
2212,2019-02-06,2,False,0
2213,2019-02-07,2,False,0
2214,2019-02-08,2,False,0
2215,2019-02-09,2,False,0
2216,2019-02-10,2,False,0
2217,2019-02-11,2,False,0
2218,2019-02-12,2,False,0
2219,2019-02-13,2,False,0
2220,2019-02-14,2,False,0
2221,2019-02-15,2,False,0
2222,2019-02-16,2,False,0
2223,2019-02-17,2,False,0
2224,2019-02-18,2,False,0
2225,2019-02-19,2,False,0
2226,2019-02-20,2,False,0
2227,2019-02-21,2,False,0
2228,2019-02-22,2,False,0
2229,2019-02-23,2,False,0
2230,2019-02-24,2,False,0
2231,2019-02-25,2,False,0
2232,2019-02-26,2,False,0
2233,2019-02-27,2,False,0
2234,2019-02-28,2,False,0
2235,2019-03-01,2,False,0
2236,2019-03-02,2,False,0
2237,2019-03-03,2,False,0
2238,2019-03-04,2,False,0
2239,2019-03-05,2,False,0
2240,2019-03-06,2,False,0
2241,2019-03-07,2,False,0
2242,2019-03-08,2,False,0
2243,2019-03-09,2,False,0
2244,2019-03-10,2,False,0
2245,2019-03-11,2,False,0
2246,2019-03-12,2,False,0
2247,2019-03-13,2,False,0
2248,2019-03-14,2,False,0
2249,2019-03-15,2,False,0
2250,2019-03-16,2,False,0
2251,2019-03-17,2,False,0
2252,2019-03-18,2,False,0
2253,2019-03-19,2,False,0
2254,2019-03-20,2,False,0
2255,2019-03-21,2,False,0
2256,2019-03-22,2,False,0
2257,2019-03-23,2,False,0
2258,2019-03-24,2,False,0
2259,2019-03-25,2,False,0
2260,2019-03-26,2,False,0
2261,2019-03-27,2,False,0
2262,2019-03-28,2,False,0
2263,2019-03-29,2,False,0
2264,2019-03-30,2,False,0
2265,2019-03-31,2,False,0
2266,2019-04-01,2,False,0
2267,2019-04-02,2,False,0
2268,2019-04-03,2,False,0
2269,2019-04-04,0,False,0
2270,2019-04-05,0,False,0
2271,2019-04-06,0,False,0
2272,2019-04-07,0,False,0
2273,2019-04-08,0,False,0
2274,2019-04-09,0,False,0
2275,2019-04-10,0,False,0
2276,2019-04-11,0,False,0
2277,2019-04-12,2,False,0
2278,2019-04-13,2,False,0
2279,2019-04-14,2,False,0
2280,2019-04-15,2,False,0
2281,2019-04-16,2,False,0
2282,2019-04-17,2,False,0
2283,2019-04-18,2,False,0
2284,2019-04-19,2,False,0
2285,2019-04-20,2,False,0
2286,2019-04-21,2,False,0
2287,2019-04-22,2,False,0
2288,2019-04-23,2,False,0
2289,2019-04-24,2,False,0
2290,2019-04-25,2,False,0
2291,2019-04-26,2,False,0
2292,2019-04-27,2,False,0
2293,2019-04-28,2,False,0
2294,2019-04-29,2,False,0
2295,2019-04-30,2,False,0
2296,2019-05-01,2,False,0
2297,2019-05-02,2,False,0
2298,2019-05-03,2,False,0
2299,2019-05-04,2,False,0
2300,2019-05-05,2,False,0
2301,2019-05-06,2,False,0
2302,2019-05-07,2,False,0
2303,2019-05-08,2,False,0
2304,2019-05-09,2,False,0
2305,2019-05-10,0,False,0
2306,2019-05-11,0,False,0
2307,2019-05-12,0,False,0
2308,2019-05-13,0,False,0
2309,2019-05-14,0,False,0
2310,2019-05-15,0,False,0
2311,2019-05-16,0,False,0
2312,2019-05-17,0,False,0
2313,2019-05-18,0,False,0
2314,2019-05-19,0,False,0
2315,2019-05-20,0,False,0
2316,2019-05-21,2,False,0
2317,2019-05-22,2,False,0
2318,2019-05-23,2,False,0
2319,2019-05-24,2,False,0
2320,2019-05-25,2,False,0
2321,2019-05-26,2,False,0
2322,2019-05-27,2,False,0
2323,2019-05-28,2,False,0
2324,2019-05-29,2,False,0
2325,2019-05-30,2,False,0
2326,2019-05-31,2,False,0
2327,2019-06-01,2,False,0
2328,2019-06-02,2,False,0
2329,2019-06-03,2,False,0
2330,2019-06-04,2,False,0
2331,2019-06-05,2,False,0
2332,2019-06-06,2,False,0
2333,2019-06-07,2,False,0
2334,2019-06-08,2,False,0
2335,2019-06-09,2,False,0
2336,2019-06-10,2,False,0
2337,2019-06-11,2,False,0
2338,2019-06-12,2,False,0
2339,2019-06-13,2,False,0
2340,2019-06-14,2,False,0
2341,2019-06-15,2,False,0
2342,2019-06-16,2,False,0
2343,2019-06-17,2,False,0
2344,2019-06-18,2,False,0
2345,2019-06-19,2,False,0
2346,2019-06-20,2,False,0
2347,2019-06-21,2,False,0
2348,2019-06-22,2,False,0
2349,2019-06-23,2,False,0
2350,2019-06-24,2,False,0
2351,2019-06-25,2,False,0
2352,2019-06-26,2,False,0
2353,2019-06-27,2,False,0
2354,2019-06-28,2,False,0
2355,2019-06-29,2,False,0
2356,2019-06-30,2,False,0
2357,2019-07-01,2,False,0
2358,2019-07-02,2,True,2
2359,2019-07-03,2,True,2
2360,2019-07-04,2,True,2
2361,2019-07-05,2,True,2
2362,2019-07-06,2,True,2
2363,2019-07-07,2,True,2
2364,2019-07-08,2,True,2
2365,2019-07-09,2,True,2
2366,2019-07-10,2,True,2
2367,2019-07-11,2,True,2
2368,2019-07-12,2,True,2
2369,2019-07-13,2,True,2
2370,2019-07-14,2,True,2
2371,2019-07-15,2,True,2
2372,2019-07-16,2,True,2
2373,2019-07-17,0,True,2
2374,2019-07-18,0,True,2
2375,2019-07-19,0,True,2
2376,2019-07-20,0,True,2
2377,2019-07-21,0,True,2
2378,2019-07-22,0,True,2
2379,2019-07-23,0,True,2
2380,2019-07-24,0,True,2
2381,2019-07-25,0,True,2
2382,2019-07-26,0,True,2
2383,2019-07-27,0,True,2
2384,2019-07-28,0,True,2
2385,2019-07-29,0,True,2
2386,2019-07-30,0,True,2
2387,2019-07-31,0,True,2
2388,2019-08-01,0,True,2
2389,2019-08-02,0,False,0
2390,2019-08-03,0,False,0
2391,2019-08-04,0,False,0
2392,2019-08-05,0,False,0
2393,2019-08-06,0,False,0
2394,2019-08-07,0,False,0
2395,2019-08-08,0,False,0
2396,2019-08-09,0,False,0
2397,2019-08-10,0,False,0
2398,2019-08-11,0,False,0
2399,2019-08-12,0,False,0
2400,2019-08-13,0,False,0
2401,2019-08-14,0,False,0
2402,2019-08-15,0,False,0
2403,2019-08-16,0,False,0
2404,2019-08-17,0,False,0
2405,2019-08-18,0,False,0
2406,2019-08-19,0,False,0
2407,2019-08-20,0,False,0
2408,2019-08-21,0,False,0
2409,2019-08-22,0,False,0
2410,2019-08-23,0,False,0
2411,2019-08-24,0,False,0
2412,2019-08-25,0,False,0
2413,2019-08-26,0,False,0
2414,2019-08-27,0,False,0
2415,2019-08-28,0,False,0
2416,2019-08-29,0,False,0
2417,2019-08-30,0,False,0
2418,2019-08-31,0,False,0
2419,2019-09-01,0,False,0
2420,2019-09-02,0,False,0
2421,2019-09-03,0,False,0
2422,2019-09-04,0,False,0
2423,2019-09-05,0,False,0
2424,2019-09-06,0,False,0
2425,2019-09-07,0,False,0
2426,2019-09-08,0,False,0
2427,2019-09-09,2,False,0
2428,2019-09-10,2,False,0
2429,2019-09-11,2,False,0
2430,2019-09-12,2,False,0
2431,2019-09-13,2,False,0
2432,2019-09-14,2,False,0
2433,2019-09-15,2,False,0
2434,2019-09-16,0,False,0
2435,2019-09-17,0,False,0
2436,2019-09-18,0,False,0
2437,2019-09-19,0,False,0
2438,2019-09-20,0,False,0
2439,2019-09-21,0,False,0
2440,2019-09-22,0,False,0
2441,2019-09-23,2,True,2
2442,2019-09-24,2,True,2
2443,2019-09-25,2,True,2
2444,2019-09-26,2,True,2
2445,2019-09-27,2,True,2
2446,2019-09-28,2,True,2
2447,2019-09-29,0,True,2
2448,2019-09-30,0,True,2
2449,2019-10-01,0,True,2
2450,2019-10-02,0,True,2
2451,2019-10-03,0,True,2
2452,2019-10-04,0,True,2
2453,2019-10-05,0,True,2
2454,2019-10-06,0,True,2
2455,2019-10-07,0,True,2
2456,2019-10-08,0,True,2
2457,2019-10-09,0,True,2
2458,2019-10-10,0,True,2
2459,2019-10-11,0,True,2
2460,2019-10-12,0,True,2
2461,2019-10-13,0,True,2
2462,2019-10-14,2,True,2
2463,2019-10-15,2,True,2
2464,2019-10-16,2,True,2
2465,2019-10-17,2,True,2
2466,2019-10-18,2,True,2
2467,2019-10-19,2,True,2
2468,2019-10-20,2,True,2
2469,2019-10-21,2,True,2
2470,2019-10-22,2,True,2
2471,2019-10-23,2,True,2
2472,2019-10-24,2,True,2
2473,2019-10-25,2,True,2
2474,2019-10-26,2,True,2
2475,2019-10-27,2,True,2
2476,2019-10-28,2,True,2
2477,2019-10-29,2,True,2
2478,2019-10-30,2,False,0
2479,2019-10-31,2,False,0
2480,2019-11-01,2,False,0
2481,2019-11-02,2,False,0
2482,2019-11-03,2,False,0
2483,2019-11-04,2,False,0
2484,2019-11-05,2,False,0
2485,2019-11-06,2,False,0
2486,2019-11-07,2,False,0
2487,2019-11-08,2,False,0
2488,2019-11-09,2,False,0
2489,2019-11-10,2,False,0
2490,2019-11-11,2,False,0
2491,2019-11-12,2,False,0
2492,2019-11-13,0,False,0
2493,2019-11-14,0,False,0
2494,2019-11-15,0,False,0
2495,2019-11-16,0,False,0
2496,2019-11-17,0,False,0
2497,2019-11-18,0,False,0
2498,2019-11-19,0,False,0
2499,2019-11-20,0,False,0
2500,2019-11-21,2,False,0
2501,2019-11-22,2,False,0
2502,2019-11-23,2,False,0
2503,2019-11-24,2,False,0
2504,2019-11-25,2,False,0
2505,2019-11-26,2,False,0
2506,2019-11-27,2,False,0
2507,2019-11-28,2,False,0
2508,2019-11-29,2,False,0
2509,2019-11-30,2,False,0
2510,2019-12-01,2,False,0
2511,2019-12-02,2,False,0
2512,2019-12-03,2,False,0
2513,2019-12-04,2,False,0
2514,2019-12-05,2,False,0
2515,2019-12-06,2,False,0
2516,2019-12-07,2,False,0
2517,2019-12-08,2,True,2
2518,2019-12-09,2,True,2
2519,2019-12-10,2,True,2
2520,2019-12-11,2,True,2
2521,2019-12-12,2,True,2
2522,2019-12-13,2,True,2
2523,2019-12-14,2,True,2
2524,2019-12-15,2,True,2
2525,2019-12-16,2,True,2
2526,2019-12-17,2,True,2
2527,2019-12-18,2,True,2
2528,2019-12-19,2,True,2
2529,2019-12-20,2,True,2
2530,2019-12-21,2,True,2
2531,2019-12-22,2,True,2
2532,2019-12-23,1,True,2
2533,2019-12-24,1,False,0
2534,2019-12-25,1,False,0
2535,2019-12-26,1,False,0
2536,2019-12-27,1,False,0
2537,2019-12-28,1,False,0
2538,2019-12-29,1,False,0
2539,2019-12-30,1,False,0
2540,2019-12-31,1,False,0
2541,2020-01-01,1,False,0
2542,2020-01-02,1,False,0
2543,2020-01-03,1,False,0
2544,2020-01-04,0,False,0
2545,2020-01-05,0,False,0
2546,2020-01-06,0,False,0
2547,2020-01-07,2,True,2
2548,2020-01-08,2,True,2
2549,2020-01-09,2,True,2
2550,2020-01-10,2,True,2
2551,2020-01-11,2,True,2
2552,2020-01-12,2,True,2
2553,2020-01-13,2,True,2
2554,2020-01-14,2,True,2
2555,2020-01-15,2,True,2
2556,2020-01-16,2,True,2
2557,2020-01-17,2,True,2
2558,2020-01-18,2,True,2
2559,2020-01-19,2,True,2
2560,2020-01-20,2,True,2
2561,2020-01-21,2,True,2
2562,2020-01-22,2,True,2
2563,2020-01-23,2,True,2
2564,2020-01-24,2,True,2
2565,2020-01-25,2,True,2
2566,2020-01-26,2,True,2
2567,2020-01-27,2,True,2
2568,2020-01-28,2,True,2
2569,2020-01-29,2,True,2
2570,2020-01-30,0,True,2
2571,2020-01-31,0,True,2
2572,2020-02-01,0,True,2
2573,2020-02-02,0,True,2
2574,2020-02-03,0,True,2
2575,2020-02-04,0,True,2
2576,2020-02-05,0,True,2
2577,2020-02-06,0,True,2
2578,2020-02-07,0,True,2
2579,2020-02-08,0,True,2
2580,2020-02-09,0,True,2
2581,2020-02-10,0,True,2
2582,2020-02-11,0,True,2
2583,2020-02-12,0,True,2
2584,2020-02-13,0,True,2
2585,2020-02-14,0,True,2
2586,2020-02-15,0,False,0
2587,2020-02-16,0,False,0
2588,2020-02-17,2,False,0
2589,2020-02-18,2,False,0
2590,2020-02-19,0,False,0
2591,2020-02-20,0,False,0
2592,2020-02-21,0,False,0
2593,2020-02-22,0,False,0
2594,2020-02-23,0,False,0
2595,2020-02-24,0,False,0
2596,2020-02-25,0,False,0
2597,2020-02-26,0,False,0
2598,2020-02-27,0,False,0
2599,2020-02-28,0,False,0
2600,2020-02-29,0,False,0
2601,2020-03-01,0,False,0
2602,2020-03-02,0,False,0
2603,2020-03-03,0,False,0
2604,2020-03-04,0,False,0
2605,2020-03-05,0,False,0
2606,2020-03-06,0,False,0
2607,2020-03-07,0,False,0
2608,2020-03-08,0,False,0
2609,2020-03-09,0,False,0
2610,2020-03-10,0,False,0
2611,2020-03-11,0,False,0
2612,2020-03-12,0,False,0
2613,2020-03-13,0,False,0
2614,2020-03-14,0,False,0
2615,2020-03-15,0,True,2
2616,2020-03-16,0,True,2
2617,2020-03-17,0,True,2
2618,2020-03-18,0,True,2
2619,2020-03-19,0,True,2
2620,2020-03-20,0,True,2
2621,2020-03-21,0,True,2
2622,2020-03-22,0,True,2
2623,2020-03-23,0,True,2
2624,2020-03-24,0,True,2
2625,2020-03-25,0,True,2
2626,2020-03-26,0,True,2
2627,2020-03-27,0,True,2
2628,2020-03-28,0,True,2
2629,2020-03-29,0,True,2
2630,2020-03-30,2,True,2
2631,2020-03-31,2,True,2
2632,2020-04-01,2,True,2
2633,2020-04-02,2,True,2
2634,2020-04-03,2,True,2
2635,2020-04-04,2,True,2
2636,2020-04-05,2,True,2
2637,2020-04-06,2,True,2
2638,2020-04-07,2,True,2
2639,2020-04-08,2,True,2
2640,2020-04-09,2,True,2
2641,2020-04-10,2,True,2
2642,2020-04-11,2,True,2
2643,2020-04-12,2,True,2
2644,2020-04-13,2,True,2
2645,2020-04-14,2,True,2
2646,2020-04-15,2,False,0
2647,2020-04-16,2,False,0
2648,2020-04-17,2,False,0
2649,2020-04-18,2,False,0
2650,2020-04-19,2,False,0
2651,2020-04-20,2,False,0
2652,2020-04-21,2,False,0
2653,2020-04-22,2,False,0
2654,2020-04-23,2,False,0
2655,2020-04-24,2,False,0
2656,2020-04-25,2,False,0
2657,2020-04-26,2,False,0
2658,2020-04-27,2,False,0
2659,2020-04-28,2,False,0
2660,2020-04-29,2,False,0
2661,2020-04-30,2,False,0
2662,2020-05-01,2,False,0
2663,2020-05-02,2,False,0
2664,2020-05-03,2,False,0
2665,2020-05-04,2,False,0
2666,2020-05-05,2,False,0
2667,2020-05-06,2,False,0
2668,2020-05-07,2,False,0
2669,2020-05-08,2,False,0
2670,2020-05-09,2,False,0
2671,2020-05-10,2,False,0
2672,2020-05-11,2,False,0
2673,2020-05-12,2,False,0
2674,2020-05-13,2,False,0
2675,2020-05-14,2,False,0
2676,2020-05-15,2,False,0
2677,2020-05-16,2,False,0
2678,2020-05-17,2,False,0
2679,2020-05-18,2,False,0
2680,2020-05-19,2,False,0
2681,2020-05-20,2,False,0
2682,2020-05-21,2,False,0
2683,2020-05-22,2,False,0
2684,2020-05-23,2,False,0
2685,2020-05-24,2,False,0
2686,2020-05-25,2,False,0
2687,2020-05-26,0,False,0
2688,2020-05-27,2,False,0
2689,2020-05-28,2,False,0
2690,2020-05-29,2,False,0
2691,2020-05-30,2,False,0
2692,2020-05-31,2,False,0
2693,2020-06-01,2,False,0
2694,2020-06-02,2,False,0
2695,2020-06-03,2,False,0
2696,2020-06-04,2,False,0
2697,2020-06-05,2,False,0
2698,2020-06-06,2,False,0
2699,2020-06-07,2,False,0
2700,2020-06-08,2,False,0
2701,2020-06-09,2,False,0
2702,2020-06-10,2,False,0
2703,2020-06-11,2,False,0
2704,2020-06-12,2,False,0
2705,2020-06-13,2,False,0
2706,2020-06-14,2,False,0
2707,2020-06-15,2,False,0
2708,2020-06-16,2,False,0
2709,2020-06-17,2,False,0
2710,2020-06-18,2,False,0
2711,2020-06-19,2,False,0
2712,2020-06-20,2,False,0
2713,2020-06-21,2,False,0
2714,2020-06-22,2,False,0
2715,2020-06-23,2,False,0
2716,2020-06-24,2,False,0
2717,2020-06-25,2,False,0
2718,2020-06-26,2,False,0
2719,2020-06-27,2,False,0
2720,2020-06-28,2,False,0
2721,2020-06-29,2,False,0
2722,2020-06-30,2,False,0
2723,2020-07-01,2,False,0
2724,2020-07-02,2,False,0
2725,2020-07-03,2,False,0
2726,2020-07-04,2,False,0
2727,2020-07-05,2,False,0
2728,2020-07-06,2,False,0
2729,2020-07-07,2,False,0
2730,2020-07-08,2,False,0
2731,2020-07-09,2,False,0
2732,2020-07-10,2,False,0
2733,2020-07-11,2,False,0
2734,2020-07-12,2,False,0
2735,2020-07-13,2,False,0
2736,2020-07-14,2,False,0
2737,2020-07-15,2,True,2
2738,2020-07-16,2,True,2
2739,2020-07-17,2,True,2
2740,2020-07-18,2,True,2
2741,2020-07-19,2,True,2
2742,2020-07-20,2,True,2
2743,2020-07-21,2,True,2
2744,2020-07-22,2,True,2
2745,2020-07-23,2,True,2
2746,2020-07-24,0,True,2
2747,2020-07-25,0,True,2
2748,2020-07-26,0,True,2
2749,2020-07-27,2,True,2
2750,2020-07-28,2,True,2
2751,2020-07-29,2,True,2
2752,2020-07-30,2,True,2
2753,2020-07-31,2,True,2
2754,2020-08-01,2,True,2
2755,2020-08-02,0,True,2
2756,2020-08-03,0,True,2
2757,2020-08-04,0,True,2
2758,2020-08-05,0,True,2
2759,2020-08-06,0,True,2
2760,2020-08-07,0,True,2
2761,2020-08-08,0,True,2
2762,2020-08-09,0,False,0
2763,2020-08-10,0,False,0
2764,2020-08-11,0,False,0
2765,2020-08-12,0,False,0
2766,2020-08-13,0,False,0
2767,2020-08-14,0,True,2
2768,2020-08-15,0,True,2
2769,2020-08-16,0,True,2
2770,2020-08-17,0,True,2
2771,2020-08-18,0,True,2
2772,2020-08-19,0,True,2
2773,2020-08-20,0,True,2
2774,2020-08-21,0,True,2
2775,2020-08-22,0,True,2
2776,2020-08-23,2,True,2
2777,2020-08-24,2,True,2
2778,2020-08-25,2,True,2
2779,2020-08-26,2,True,2
2780,2020-08-27,2,True,2
2781,2020-08-28,2,True,2
2782,2020-08-29,2,True,2
2783,2020-08-30,2,True,2
2784,2020-08-31,2,True,2
2785,2020-09-01,2,True,2
2786,2020-09-02,2,True,2
2787,2020-09-03,2,True,2
2788,2020-09-04,2,True,2
2789,2020-09-05,2,True,2
2790,2020-09-06,2,True,2
2791,2020-09-07,2,True,2
2792,2020-09-08,2,False,0
2793,2020-09-09,2,False,0
2794,2020-09-10,2,False,0
2795,2020-09-11,2,False,0
2796,2020-09-12,2,False,0
2797,2020-09-13,2,False,0
2798,2020-09-14,2,False,0
2799,2020-09-15,2,False,0
2800,2020-09-16,2,False,0
2801,2020-09-17,2,False,0
2802,2020-09-18,2,False,0
2803,2020-09-19,2,False,0
2804,2020-09-20,2,False,0
2805,2020-09-21,2,False,0
2806,2020-09-22,2,False,0
2807,2020-09-23,2,False,0
2808,2020-09-24,2,False,0
2809,2020-09-25,2,False,0
2810,2020-09-26,2,False,0
2811,2020-09-27,2,False,0
2812,2020-09-28,2,False,0
2813,2020-09-29,2,False,0
2814,2020-09-30,2,False,0
2815,2020-10-01,2,False,0
2816,2020-10-02,2,False,0
2817,2020-10-03,2,False,0
2818,2020-10-04,2,False,0
2819,2020-10-05,2,False,0
2820,2020-10-06,2,False,0
2821,2020-10-07,2,False,0
2822,2020-10-08,2,False,0
2823,2020-10-09,2,False,0
2824,2020-10-10,2,False,0
2825,2020-10-11,2,False,0
2826,2020-10-12,2,False,0
2827,2020-10-13,2,False,0
2828,2020-10-14,2,False,0
2829,2020-10-15,2,False,0
2830,2020-10-16,2,False,0
2831,2020-10-17,2,False,0
2832,2020-10-18,2,False,0
2833,2020-10-19,2,False,0
2834,2020-10-20,2,False,0
2835,2020-10-21,2,True,2
2836,2020-10-22,2,True,2
2837,2020-10-23,2,True,2
2838,2020-10-24,2,True,2
2839,2020-10-25,2,True,2
2840,2020-10-26,2,True,2
2841,2020-10-27,2,True,2
2842,2020-10-28,2,True,2
2843,2020-10-29,2,True,2
2844,2020-10-30,2,True,2
2845,2020-10-31,2,True,2
2846,2020-11-01,2,True,2
2847,2020-11-02,2,True,2
2848,2020-11-03,2,True,2
2849,2020-11-04,2,True,2
2850,2020-11-05,0,True,2
2851,2020-11-06,0,True,2
2852,2020-11-07,0,True,2
2853,2020-11-08,0,True,2
2854,2020-11-09,0,True,2
2855,2020-11-10,0,True,2
2856,2020-11-11,0,True,2
2857,2020-11-12,0,False,0
2858,2020-11-13,0,False,0
2859,2020-11-14,0,False,0
2860,2020-11-15,0,False,0
2861,2020-11-16,0,False,0
2862,2020-11-17,0,False,0
2863,2020-11-18,0,False,0
2864,2020-11-19,0,False,0
2865,2020-11-20,0,True,2
2866,2020-11-21,0,True,2
2867,2020-11-22,0,True,2
2868,2020-11-23,0,True,2
2869,2020-11-24,0,True,2
2870,2020-11-25,0,True,2
2871,2020-11-26,2,True,2
2872,2020-11-27,2,True,2
2873,2020-11-28,2,True,2
2874,2020-11-29,2,True,2
2875,2020-11-30,2,True,2
2876,2020-12-01,2,False,0
2877,2020-12-02,2,False,0
2878,2020-12-03,2,False,0
2879,2020-12-04,2,False,0
2880,2020-12-05,2,False,0
2881,2020-12-06,2,False,0
2882,2020-12-07,2,False,0
2883,2020-12-08,2,False,0
2884,2020-12-09,2,False,0
2885,2020-12-10,2,False,0
2886,2020-12-11,2,True,2
2887,2020-12-12,2,True,2
2888,2020-12-13,2,True,2
2889,2020-12-14,2,True,2
2890,2020-12-15,0,True,2
2891,2020-12-16,0,True,2
2892,2020-12-17,0,True,2
2893,2020-12-18,0,True,2
2894,2020-12-19,0,True,2
2895,2020-12-20,0,True,2
2896,2020-12-21,0,False,0
2897,2020-12-22,0,False,0
2898,2020-12-23,0,False,0
2899,2020-12-24,0,False,0
2900,2020-12-25,0,False,0
2901,2020-12-26,0,False,0
2902,2020-12-27,0,False,0
2903,2020-12-28,0,False,0
2904,2020-12-29,0,False,0
2905,2020-12-30,0,True,2
2906,2020-12-31,0,True,2
2907,2021-01-01,0,True,2
2908,2021-01-02,0,True,2
2909,2021-01-03,0,True,2
2910,2021-01-04,2,True,2
2911,2021-01-05,2,True,2
2912,2021-01-06,2,True,2
2913,2021-01-07,2,True,2
2914,2021-01-08,2,True,2
2915,2021-01-09,2,True,2
2916,2021-01-10,2,True,2
2917,2021-01-11,2,True,2
2918,2021-01-12,2,True,2
2919,2021-01-13,2,True,2
2920,2021-01-14,2,True,2
2921,2021-01-15,2,True,2
2922,2021-01-16,2,True,2
2923,2021-01-17,2,True,2
2924,2021-01-18,2,True,2
2925,2021-01-19,2,True,2
2926,2021-01-20,2,False,0
2927,2021-01-21,2,False,0
2928,2021-01-22,2,False,0
2929,2021-01-23,2,False,0
2930,2021-01-24,2,False,0
2931,2021-01-25,2,False,0
2932,2021-01-26,2,False,0
2933,2021-01-27,2,False,0
2934,2021-01-28,0,False,0
2935,2021-01-29,0,False,0
2936,2021-01-30,0,False,0
2937,2021-01-31,0,False,0
2938,2021-02-01,0,False,0
2939,2021-02-02,2,False,0
2940,2021-02-03,2,False,0
2941,2021-02-04,2,False,0
2942,2021-02-05,2,False,0
2943,2021-02-06,2,False,0
2944,2021-02-07,2,False,0
2945,2021-02-08,2,False,0
2946,2021-02-09,0,False,0
2947,2021-02-10,2,False,0
2948,2021-02-11,2,False,0
2949,2021-02-12,2,False,0
2950,2021-02-13,2,False,0
2951,2021-02-14,2,False,0
2952,2021-02-15,2,False,0
2953,2021-02-16,2,False,0
2954,2021-02-17,2,False,0
2955,2021-02-18,2,False,0
2956,2021-02-19,2,False,0
2957,2021-02-20,2,False,0
2958,2021-02-21,2,False,0
2959,2021-02-22,2,False,0
2960,2021-02-23,2,False,0
2961,2021-02-24,2,False,0
2962,2021-02-25,2,False,0
2963,2021-02-26,2,False,0
2964,2021-02-27,2,False,0
2965,2021-02-28,2,False,0
2966,2021-03-01,2,False,0
2967,2021-03-02,2,False,0
2968,2021-03-03,2,False,0
2969,2021-03-04,2,False,0
2970,2021-03-05,2,False,0
2971,2021-03-06,2,False,0
2972,2021-03-07,2,False,0
2973,2021-03-08,2,False,0
2974,2021-03-09,2,False,0
2975,2021-03-10,2,False,0
2976,2021-03-11,2,False,0
2977,2021-03-12,2,False,0
2978,2021-03-13,2,False,0
2979,2021-03-14,2,False,0
2980,2021-03-15,2,False,0
2981,2021-03-16,2,False,0
2982,2021-03-17,2,False,0
2983,2021-03-18,2,False,0
2984,2021-03-19,2,False,0
2985,2021-03-20,2,False,0
2986,2021-03-21,2,False,0
2987,2021-03-22,2,False,0
2988,2021-03-23,2,False,0
2989,2021-03-24,2,False,0
2990,2021-03-25,2,False,0
2991,2021-03-26,2,False,0
2992,2021-03-27,2,False,0
2993,2021-03-28,2,False,0
2994,2021-03-29,2,False,0
2995,2021-03-30,2,False,0
2996,2021-03-31,2,False,0
2997,2021-04-01,2,False,0
2998,2021-04-02,2,False,0
2999,2021-04-03,2,False,0
3000,2021-04-04,2,False,0
3001,2021-04-05,2,False,0
3002,2021-04-06,2,False,0
3003,2021-04-07,2,False,0
3004,2021-04-08,2,False,0
3005,2021-04-09,2,False,0
3006,2021-04-10,2,False,0
3007,2021-04-11,2,False,0
3008,2021-04-12,2,False,0
3009,2021-04-13,2,False,0
3010,2021-04-14,2,False,0
3011,2021-04-15,2,False,0
3012,2021-04-16,2,False,0
3013,2021-04-17,2,False,0
3014,2021-04-18,2,False,0
3015,2021-04-19,2,False,0
3016,2021-04-20,2,False,0
3017,2021-04-21,2,False,0
3018,2021-04-22,2,False,0
3019,2021-04-23,2,False,0
3020,2021-04-24,2,False,0
3021,2021-04-25,2,False,0
3022,2021-04-26,2,False,0
3023,2021-04-27,2,False,0
3024,2021-04-28,2,False,0
3025,2021-04-29,2,False,0
3026,2021-04-30,2,False,0
3027,2021-05-01,2,False,0
3028,2021-05-02,2,False,0
3029,2021-05-03,2,False,0
3030,2021-05-04,2,False,0
3031,2021-05-05,2,False,0
3032,2021-05-06,2,False,0
3033,2021-05-07,2,False,0
3034,2021-05-08,2,False,0
3035,2021-05-09,2,False,0
3036,2021-05-10,2,False,0
3037,2021-05-11,2,False,0
3038,2021-05-12,2,False,0
3039,2021-05-13,2,False,0
3040,2021-05-14,2,False,0
3041,2021-05-15,2,False,0
3042,2021-05-16,2,False,0
3043,2021-05-17,2,False,0
3044,2021-05-18,2,False,0
3045,2021-05-19,2,False,0
3046,2021-05-20,2,False,0
3047,2021-05-21,2,False,0
3048,2021-05-22,2,False,0
3049,2021-05-23,2,False,0
3050,2021-05-24,2,False,0
3051,2021-05-25,2,False,0
3052,2021-05-26,2,False,0
3053,2021-05-27,2,False,0
3054,2021-05-28,2,False,0
3055,2021-05-29,2,False,0
3056,2021-05-30,2,False,0
3057,2021-05-31,2,False,0
3058,2021-06-01,2,False,0
3059,2021-06-02,2,False,0
3060,2021-06-03,2,False,0
3061,2021-06-04,2,False,0
3062,2021-06-05,2,False,0
3063,2021-06-06,2,False,0
3064,2021-06-07,2,False,0
3065,2021-06-08,2,False,0
3066,2021-06-09,2,False,0
3067,2021-06-10,2,False,0
3068,2021-06-11,2,False,0
3069,2021-06-12,2,False,0
3070,2021-06-13,2,False,0
3071,2021-06-14,2,False,0
3072,2021-06-15,2,False,0
3073,2021-06-16,2,False,0
3074,2021-06-17,2,False,0
3075,2021-06-18,2,False,0
3076,2021-06-19,2,False,0
3077,2021-06-20,2,False,0
3078,2021-06-21,2,False,0
3079,2021-06-22,2,False,0
3080,2021-06-23,2,False,0
3081,2021-06-24,2,False,0
3082,2021-06-25,2,False,0
3083,2021-06-26,2,False,0
3084,2021-06-27,2,False,0
3085,2021-06-28,2,False,0
3086,2021-06-29,2,False,0
3087,2021-06-30,2,False,0
3088,2021-07-01,2,False,0
3089,2021-07-02,2,False,0
3090,2021-07-03,2,False,0
3091,2021-07-04,2,False,0
3092,2021-07-05,2,False,0
3093,2021-07-06,2,False,0
3094,2021-07-07,2,False,0
3095,2021-07-08,2,False,0
3096,2021-07-09,2,False,0
3097,2021-07-10,2,False,0
3098,2021-07-11,2,False,0
3099,2021-07-12,2,False,0
3100,2021-07-13,2,False,0
3101,2021-07-14,2,False,0
3102,2021-07-15,2,False,0
3103,2021-07-16,2,False,0
3104,2021-07-17,2,False,0
3105,2021-07-18,2,False,0
3106,2021-07-19,2,False,0
3107,2021-07-20,2,False,0
3108,2021-07-21,2,False,0
3109,2021-07-22,2,False,0
3110,2021-07-23,2,False,0
3111,2021-07-24,2,False,0
3112,2021-07-25,2,False,0
3113,2021-07-26,2,False,0
3114,2021-07-27,2,False,0
3115,2021-07-28,2,False,0
3116,2021-07-29,2,False,0
3117,2021-07-30,2,False,0
3118,2021-07-31,2,False,0
3119,2021-08-01,2,False,0
3120,2021-08-02,2,False,0
3121,2021-08-03,2,False,0
3122,2021-08-04,2,False,0
3123,2021-08-05,2,False,0
3124,2021-08-06,2,False,0
3125,2021-08-07,2,False,0
3126,2021-08-08,2,False,0
3127,2021-08-09,2,False,0
3128,2021-08-10,2,False,0
3129,2021-08-11,2,False,0
3130,2021-08-12,2,False,0
3131,2021-08-13,2,False,0
3132,2021-08-14,2,False,0
3133,2021-08-15,2,True,2
3134,2021-08-16,2,True,2
3135,2021-08-17,2,True,2
3136,2021-08-18,2,True,2
3137,2021-08-19,2,True,2
3138,2021-08-20,2,True,2
3139,2021-08-21,2,True,2
3140,2021-08-22,2,True,2
3141,2021-08-23,2,True,2
3142,2021-08-24,2,True,2
3143,2021-08-25,2,True,2
3144,2021-08-26,2,True,2
3145,2021-08-27,2,True,2
3146,2021-08-28,2,True,2
3147,2021-08-29,0,True,2
3148,2021-08-30,0,True,2
3149,2021-08-31,0,True,2
3150,2021-09-01,2,True,2
3151,2021-09-02,0,True,2
3152,2021-09-03,0,True,2
3153,2021-09-04,0,True,2
3154,2021-09-05,0,True,2
3155,2021-09-06,0,True,2
3156,2021-09-07,0,True,2
3157,2021-09-08,0,True,2
3158,2021-09-09,0,True,2
3159,2021-09-10,0,True,2
3160,2021-09-11,0,True,2
3161,2021-09-12,0,True,2
3162,2021-09-13,0,True,2
3163,2021-09-14,0,True,2
3164,2021-09-15,0,False,0
3165,2021-09-16,0,False,0
3166,2021-09-17,0,False,0
3167,2021-09-18,0,False,0
3168,2021-09-19,0,False,0
3169,2021-09-20,0,False,0
3170,2021-09-21,0,False,0
3171,2021-09-22,0,False,0
3172,2021-09-23,0,False,0
3173,2021-09-24,0,False,0
3174,2021-09-25,0,False,0
3175,2021-09-26,0,False,0
3176,2021-09-27,0,False,0
3177,2021-09-28,0,False,0
3178,2021-09-29,0,True,2
3179,2021-09-30,0,True,2
3180,2021-10-01,0,True,2
3181,2021-10-02,0,True,2
3182,2021-10-03,0,True,2
3183,2021-10-04,0,True,2
3184,2021-10-05,0,True,2
3185,2021-10-06,0,True,2
3186,2021-10-07,0,True,2
3187,2021-10-08,0,True,2
3188,2021-10-09,0,True,2
3189,2021-10-10,0,True,2
3190,2021-10-11,0,True,2
3191,2021-10-12,0,True,2
3192,2021-10-13,0,True,2
3193,2021-10-14,2,True,2
3194,2021-10-15,2,True,2
3195,2021-10-16,2,True,2
3196,2021-10-17,2,True,2
3197,2021-10-18,2,True,2
3198,2021-10-19,2,True,2
3199,2021-10-20,2,True,2
3200,2021-10-21,2,True,2
3201,2021-10-22,2,True,2
3202,2021-10-23,2,True,2
3203,2021-10-24,2,True,2
3204,2021-10-25,2,True,2
3205,2021-10-26,2,True,2
3206,2021-10-27,2,True,2
3207,2021-10-28,2,True,2
3208,2021-10-29,2,True,2
3209,2021-10-30,2,False,0
3210,2021-10-31,2,False,0
3211,2021-11-01,2,False,0
3212,2021-11-02,2,False,0
3213,2021-11-03,2,False,0
3214,2021-11-04,2,False,0
3215,2021-11-05,2,False,0
3216,2021-11-06,2,False,0
3217,2021-11-07,2,False,0
3218,2021-11-08,2,False,0
3219,2021-11-09,2,False,0
3220,2021-11-10,2,False,0
3221,2021-11-11,2,False,0
3222,2021-11-12,2,False,0
3223,2021-11-13,2,False,0
3224,2021-11-14,2,False,0
3225,2021-11-15,2,False,0
3226,2021-11-16,2,False,0
3227,2021-11-17,2,False,0
3228,2021-11-18,2,False,0
3229,2021-11-19,2,False,0
3230,2021-11-20,2,False,0
3231,2021-11-21,2,False,0
3232,2021-11-22,2,False,0
3233,2021-11-23,2,False,0
3234,2021-11-24,2,False,0
3235,2021-11-25,2,False,0
3236,2021-11-26,2,False,0
3237,2021-11-27,2,False,0
3238,2021-11-28,2,False,0
3239,2021-11-29,2,False,0
3240,2021-11-30,2,False,0
3241,2021-12-01,2,False,0
3242,2021-12-02,2,False,0
3243,2021-12-03,2,False,0
3244,2021-12-04,2,False,0
3245,2021-12-05,2,False,0
3246,2021-12-06,2,False,0
3247,2021-12-07,2,False,0
3248,2021-12-08,2,False,0
3249,2021-12-09,2,False,0
3250,2021-12-10,2,False,0
3251,2021-12-11,2,False,0
3252,2021-12-12,2,False,0
3253,2021-12-13,2,False,0
3254,2021-12-14,2,False,0
3255,2021-12-15,2,False,0
3256,2021-12-16,2,False,0
3257,2021-12-17,2,False,0
3258,2021-12-18,2,False,0
3259,2021-12-19,2,False,0
3260,2021-12-20,2,False,0
3261,2021-12-21,2,False,0
3262,2021-12-22,2,False,0
3263,2021-12-23,2,False,0
3264,2021-12-24,2,False,0
3265,2021-12-25,2,False,0
3266,2021-12-26,2,False,0
3267,2021-12-27,2,False,0
3268,2021-12-28,2,False,0
3269,2021-12-29,2,False,0
3270,2021-12-30,2,False,0
3271,2021-12-31,2,False,0
3272,2022-01-01,2,False,0
3273,2022-01-02,2,False,0
3274,2022-01-03,2,False,0
3275,2022-01-04,2,False,0
3276,2022-01-05,2,False,0
3277,2022-01-06,2,False,0
3278,2022-01-07,2,False,0
3279,2022-01-08,2,False,0
3280,2022-01-09,2,False,0
3281,2022-01-10,2,False,0
3282,2022-01-11,2,False,0
3283,2022-01-12,2,False,0
3284,2022-01-13,2,False,0
3285,2022-01-14,2,False,0
3286,2022-01-15,2,False,0
3287,2022-01-16,2,False,0
3288,2022-01-17,2,False,0
3289,2022-01-18,2,False,0
3290,2022-01-19,2,False,0
3291,2022-01-20,2,False,0
3292,2022-01-21,2,False,0
3293,2022-01-22,2,False,0
3294,2022-01-23,2,False,0
3295,2022-01-24,2,False,0
3296,2022-01-25,2,False,0
3297,2022-01-26,2,False,0
3298,2022-01-27,2,False,0
3299,2022-01-28,2,False,0
3300,2022-01-29,2,False,0
3301,2022-01-30,2,False,0
3302,2022-01-31,2,False,0
3303,2022-02-01,2,False,0
3304,2022-02-02,2,False,0
3305,2022-02-03,2,False,0
3306,2022-02-04,2,False,0
3307,2022-02-05,2,False,0
3308,2022-02-06,2,True,2
3309,2022-02-07,2,True,2
3310,2022-02-08,0,True,2
3311,2022-02-09,0,True,2
3312,2022-02-10,0,True,2
3313,2022-02-11,0,True,2
3314,2022-02-12,0,False,0
3315,2022-02-13,0,False,0
3316,2022-02-14,0,False,0
3317,2022-02-15,2,False,0
3318,2022-02-16,2,False,0
3319,2022-02-17,2,False,0
3320,2022-02-18,2,False,0
3321,2022-02-19,2,False,0
3322,2022-02-20,2,True,2
3323,2022-02-21,2,True,2
3324,2022-02-22,2,True,2
3325,2022-02-23,2,True,2
3326,2022-02-24,2,True,2
3327,2022-02-25,2,True,2
3328,2022-02-26,2,True,2
3329,2022-02-27,2,True,2
3330,2022-02-28,0,True,2
3331,2022-03-01,0,True,2
3332,2022-03-02,0,True,2
3333,2022-03-03,0,True,2
3334,2022-03-04,0,True,2
3335,2022-03-05,0,True,2
3336,2022-03-06,0,False,0
3337,2022-03-07,0,False,0
3338,2022-03-08,0,True,2
3339,2022-03-09,0,True,2
3340,2022-03-10,0,True,2
3341,2022-03-11,2,True,2
3342,2022-03-12,2,True,2
3343,2022-03-13,2,True,2
3344,2022-03-14,2,False,0
3345,2022-03-15,2,False,0
3346,2022-03-16,2,False,0
3347,2022-03-17,2,False,0
3348,2022-03-18,0,False,0
3349,2022-03-19,0,False,0
3350,2022-03-20,0,False,0
3351,2022-03-21,0,False,0
3352,2022-03-22,0,True,2
3353,2022-03-23,2,True,2
3354,2022-03-24,2,True,2
3355,2022-03-25,2,True,2
3356,2022-03-26,2,True,2
3357,2022-03-27,2,True,2
3358,2022-03-28,2,True,2
3359,2022-03-29,2,True,2
3360,2022-03-30,2,True,2
3361,2022-03-31,1,True,2
3362,2022-04-01,1,True,2
3363,2022-04-02,1,True,2
3364,2022-04-03,1,True,2
3365,2022-04-04,2,True,2
3366,2022-04-05,2,False,0
3367,2022-04-06,2,False,0
3368,2022-04-07,2,False,0
3369,2022-04-08,2,False,0
3370,2022-04-09,2,False,0
3371,2022-04-10,2,False,0
3372,2022-04-11,2,False,0
3373,2022-04-12,2,False,0
3374,2022-04-13,2,False,0
3375,2022-04-14,2,False,0
3376,2022-04-15,2,False,0
3377,2022-04-16,2,False,0
3378,2022-04-17,2,True,2
3379,2022-04-18,2,True,2
3380,2022-04-19,2,True,2
3381,2022-04-20,2,True,2
3382,2022-04-21,2,True,2
3383,2022-04-22,2,True,2
3384,2022-04-23,2,True,2
3385,2022-04-24,2,True,2
3386,2022-04-25,2,True,2
3387,2022-04-26,2,True,2
3388,2022-04-27,2,True,2
3389,2022-04-28,0,True,2
3390,2022-04-29,0,True,2
3391,2022-04-30,0,True,2
3392,2022-05-01,2,True,2
3393,2022-05-02,2,True,2
3394,2022-05-03,2,True,2
3395,2022-05-04,2,True,2
3396,2022-05-05,0,True,2
3397,2022-05-06,0,True,2
3398,2022-05-07,0,True,2
3399,2022-05-08,0,True,2
3400,2022-05-09,0,True,2
3401,2022-05-10,0,True,2
3402,2022-05-11,0,True,2
3403,2022-05-12,0,True,2
3404,2022-05-13,0,False,0
3405,2022-05-14,0,False,0
3406,2022-05-15,0,False,0
3407,2022-05-16,0,False,0
3408,2022-05-17,0,True,2
3409,2022-05-18,0,True,2
3410,2022-05-19,0,True,2
3411,2022-05-20,0,True,2
3412,2022-05-21,0,True,2
3413,2022-05-22,0,True,2
3414,2022-05-23,2,True,2
3415,2022-05-24,2,True,2
3416,2022-05-25,2,True,2
3417,2022-05-26,2,True,2
3418,2022-05-27,2,True,2
3419,2022-05-28,2,True,2
3420,2022-05-29,2,True,2
3421,2022-05-30,2,True,2
3422,2022-05-31,2,True,2
3423,2022-06-01,2,True,2
3424,2022-06-02,2,True,2
3425,2022-06-03,2,True,2
3426,2022-06-04,2,True,2
3427,2022-06-05,2,True,2
3428,2022-06-06,0,True,2
3429,2022-06-07,0,True,2
3430,2022-06-08,0,True,2
3431,2022-06-09,0,True,2
3432,2022-06-10,2,True,2
3433,2022-06-11,2,True,2
3434,2022-06-12,2,False,0
3435,2022-06-13,2,False,0
3436,2022-06-14,0,False,0
3437,2022-06-15,0,False,0
3438,2022-06-16,0,False,0
3439,2022-06-17,2,False,0
3440,2022-06-18,2,False,0
3441,2022-06-19,2,False,0
3442,2022-06-20,2,False,0
3443,2022-06-21,2,False,0
3444,2022-06-22,2,False,0
3445,2022-06-23,1,False,0
3446,2022-06-24,2,False,0
3447,2022-06-25,2,False,0
3448,2022-06-26,0,False,0
3449,2022-06-27,0,False,0
3450,2022-06-28,1,False,0
3451,2022-06-29,2,False,0
3452,2022-06-30,2,False,0
3453,2022-07-01,2,False,0
3454,2022-07-02,2,False,0
3455,2022-07-03,2,False,0
3456,2022-07-04,2,False,0
3457,2022-07-05,2,False,0
3458,2022-07-06,2,False,0
3459,2022-07-07,2,False,0
3460,2022-07-08,2,False,0
3461,2022-07-09,0,False,0
3462,2022-07-10,0,False,0
3463,2022-07-11,0,False,0
3464,2022-07-12,2,False,0
3465,2022-07-13,2,False,0
3466,2022-07-14,1,False,0
3467,2022-07-15,1,False,0
3468,2022-07-16,1,False,0
3469,2022-07-17,1,False,0
3470,2022-07-18,2,False,0
3471,2022-07-19,2,False,0
3472,2022-07-20,2,False,0
3473,2022-07-21,2,False,0
3474,2022-07-22,2,False,0
3475,2022-07-23,2,False,0
3476,2022-07-24,2,False,0
3477,2022-07-25,2,False,0
3478,2022-07-26,2,False,0
3479,2022-07-27,2,False,0
3480,2022-07-28,2,False,0
3481,2022-07-29,2,False,0
3482,2022-07-30,2,False,0
3483,2022-07-31,2,False,0
3484,2022-08-01,2,False,0
3485,2022-08-02,1,False,0
3486,2022-08-03,2,False,0
3487,2022-08-04,2,False,0
3488,2022-08-05,0,False,0
3489,2022-08-06,2,False,0
3490,2022-08-07,2,False,0
3491,2022-08-08,2,False,0
3492,2022-08-09,2,False,0
3493,2022-08-10,2,False,0
3494,2022-08-11,2,False,0
3495,2022-08-12,2,False,0
3496,2022-08-13,2,False,0
3497,2022-08-14,2,False,0
3498,2022-08-15,2,False,0
3499,2022-08-16,2,False,0
3500,2022-08-17,2,False,0
3501,2022-08-18,2,False,0
3502,2022-08-19,2,False,0
3503,2022-08-20,2,False,0
3504,2022-08-21,2,False,0
3505,2022-08-22,2,False,0
3506,2022-08-23,2,False,0
3507,2022-08-24,2,False,0
3508,2022-08-25,2,False,0
3509,2022-08-26,2,False,0
3510,2022-08-27,2,False,0
3511,2022-08-28,2,False,0
3512,2022-08-29,2,False,0
3513,2022-08-30,2,True,2
3514,2022-08-31,2,True,2
3515,2022-09-01,2,True,2
3516,2022-09-02,2,True,2
3517,2022-09-03,2,True,2
3518,2022-09-04,2,True,2
3519,2022-09-05,2,True,2
3520,2022-09-06,2,True,2
3521,2022-09-07,2,True,2
3522,2022-09-08,2,True,2
3523,2022-09-09,1,True,2
3524,2022-09-10,1,True,2
3525,2022-09-11,1,True,2
3526,2022-09-12,1,True,2
3527,2022-09-13,2,True,2
3528,2022-09-14,2,True,2
3529,2022-09-15,1,True,2
3530,2022-09-16,1,True,2
3531,2022-09-17,1,True,2
3532,2022-09-18,0,True,2
3533,2022-09-19,1,True,2
3534,2022-09-20,1,True,2
3535,2022-09-21,0,True,2
3536,2022-09-22,2,True,2
3537,2022-09-23,1,,0
3538,2022-09-24,2,,0
3539,2022-09-25,2,,0
3540,2022-09-26,1,,0
3541,2022-09-27,1,,0
3542,2022-09-28,1,,0
3543,2022-09-29,1,,0
3544,2022-09-30,2,,0
3545,2022-10-01,2,,0
3546,2022-10-02,2,,0
3547,2022-10-03,1,,0
3548,2022-10-04,1,,0
3549,2022-10-05,1,,0
3550,2022-10-06,1,,0
3551,2022-10-07,1,,0
3552,2022-10-08,2,,0
3553,2022-10-09,2,,0
3554,2022-10-10,1,,0
3555,2022-10-11,2,,0
3556,2022-10-12,1,,0
3557,2022-10-13,1,,0
3558,2022-10-14,1,,0
3559,2022-10-15,2,,0
3560,2022-10-16,2,,0
3561,2022-10-17,2,,0
3562,2022-10-18,2,,0
3563,2022-10-19,1,,0
3564,2022-10-20,0,,0
3565,2022-10-21,0,,0
